Message-ID: <21742154.1075845056150.JavaMail.evans@thyme>
Date: Mon, 6 Nov 2000 03:03:00 -0800 (PST)
From: mark.haedicke@enron.com
To: mark.evans@enron.com
Subject: Restructuring Meeting
Mime-Version: 1.0
Content-Type: text/plain; charset=us-ascii
Content-Transfer-Encoding: 7bit
X-From: Mark E Haedicke
X-To: Mark Evans
X-cc: 
X-bcc: 
X-Folder: \Mark_Haedicke_Oct2001\Notes Folders\Sent
X-Origin: HAEDICKE-M
X-FileName: mhaedic.nsf

Mark: for your info.

Mark Haedicke
----- Forwarded by Mark E Haedicke/HOU/ECT on 11/06/2000 11:03 AM -----

	Barbara Hanlon <BHANLON@isda.org>
	11/06/2000 10:21 AM
		 
		 To: "'geoff.chaplin@abnamro.com'" <geoff.chaplin@abnamro.com>, 
"'debbiegdm@absa.co.za'" <debbiegdm@absa.co.za>, 
"'richard.williams@ants.co.uk'" <richard.williams@ants.co.uk>, 
"'nbregman@acecapitalre.com'" <nbregman@acecapitalre.com>, 
"'bcoors@aceguarantyre.com'" <bcoors@aceguarantyre.com>, 
"'erothman@aceguarantyre.com'" <erothman@aceguarantyre.com>, David Benton 
<bentond@allenovery.com>, "'david.wainer@allenovery.com'" 
<david.wainer@allenovery.com>, "'philippa.m.howley@aib.ie'" 
<philippa.m.howley@aib.ie>, "'cparker@ambac-uk.com'" <cparker@ambac-uk.com>, 
"'mschozer@ambac.com'" <mschozer@ambac.com>, "'heasleyt@anz.com'" 
<heasleyt@anz.com>, "'porteoug@anz.com'" <porteoug@anz.com>, 
"'Ernst.Decker@BHF-BANK.com'" <Ernst.Decker@BHF-BANK.com>, 
"'Juergen.Ziebe@BHF-BANK.com'" <Juergen.Ziebe@BHF-BANK.com>, 
"'iona.levine@bakernet.com'" <iona.levine@bakernet.com>, "'rdesantis@bci.it'" 
<rdesantis@bci.it>, "'pgribaudi@bci.it'" <pgribaudi@bci.it>, 
"'fcaputo@bci.it'" <fcaputo@bci.it>, "'rick.e.briggs@ncmi.com'" 
<rick.e.briggs@ncmi.com>, "'danc@ncmi.com'" <danc@ncmi.com>, 
"'douglas.kerridge@bankofamerica.com'" <douglas.kerridge@bankofamerica.com>, 
"'robert.g.lendino@nationsbank.com'" <robert.g.lendino@nationsbank.com>, 
"'terry.watson@bankamerica.com'" <terry.watson@bankamerica.com>, 
"'rickp@ncmi.com'" <rickp@ncmi.com>, "'rbrady@bankofny.com'" 
<rbrady@bankofny.com>, "'kassam_98@yahoo.com'" <kassam_98@yahoo.com>, 
"'crietscha@btmna.com'" <crietscha@btmna.com>, 
"'mirko.berner@ib.bankgesellschaft.de'" 
<mirko.berner@ib.bankgesellschaft.de>, "'abradwell@ibuk.bankgesellschaft.de'" 
<abradwell@ibuk.bankgesellschaft.de>, "'rburley@ibuk.bankgesellschaft.de'" 
<rburley@ibuk.bankgesellschaft.de>, "'Joseph.Carrico@ib.bankgesellschaft.de'" 
<Joseph.Carrico@ib.bankgesellschaft.de>, 
"'henning.gravlev@ib.bankgesellschaft.de'" 
<henning.gravlev@ib.bankgesellschaft.de>, "'gaynor.wood@bnpgroup.com'" 
<gaynor.wood@bnpgroup.com>, "'guy.dempsey@barclayscapital.com'" 
<guy.dempsey@barclayscapital.com>, "'Christopher.Eddy@barclayscapital.com'" 
<Christopher.Eddy@barclayscapital.com>, 
"'melisa.macdonagh@barclayscapital.com'" 
<melisa.macdonagh@barclayscapital.com>, "'jess.saypoff@barclayscapital.com'" 
<jess.saypoff@barclayscapital.com>, "'jane.summers@barcap.com'" 
<jane.summers@barcap.com>, "'david.wysoki@barcap.com'" 
<david.wysoki@barcap.com>, "'ulrich.parche@hypovereinsbank.de'" 
<ulrich.parche@hypovereinsbank.de>, "'marshall_terry@hvbamericas.com'" 
<marshall_terry@hvbamericas.com>, "'ilse-karolina.binder@blb.de'" 
<ilse-karolina.binder@blb.de>, "'eberhard.marsch@blb.de'" 
<eberhard.marsch@blb.de>, "'pusung@baylbny.com'" <pusung@baylbny.com>, 
"'bfuqua@bear.com'" <bfuqua@bear.com>, "'sfurman@bear.com'" 
<sfurman@bear.com>, "'francois@us.cibc.com'" <francois@us.cibc.com>, 
"'john.pearson@cibc.ca'" <john.pearson@cibc.ca>, "'rozarioj@us.cibc.com'" 
<rozarioj@us.cibc.com>, "'nmathews@cwt.com'" <nmathews@cwt.com>, 
"'rshirazi@cwt.com'" <rshirazi@cwt.com>, "'lary@cwt.com'" <lary@cwt.com>, 
"'edubois@cdc-marches.fr'" <edubois@cdc-marches.fr>, 
"'marjorie.gross@chase.com'" <marjorie.gross@chase.com>, 
"'deborah.hooper@chase.com'" <deborah.hooper@chase.com>, 
"'frank.ronan@chase.com'" <frank.ronan@chase.com>, "'blake.titrud@chase.com'" 
<blake.titrud@chase.com>, "'john.vollkommer@chase.com'" 
<john.vollkommer@chase.com>, "'pinar.yetgin@chase.com'" 
<pinar.yetgin@chase.com>, "'andrew.w.alter@ssmb.com'" 
<andrew.w.alter@ssmb.com>, "'donald.bendernagel@ssmb.com'" 
<donald.bendernagel@ssmb.com>, "'scott.l.flood@ssmb.com'" 
<scott.l.flood@ssmb.com>, "'steven.j.keltz@ssmb.com'" 
<steven.j.keltz@ssmb.com>, "'lisa.b.rothenberg@ssmb.com'" 
<lisa.b.rothenberg@ssmb.com>, "'claude.brown@cliffordchance.com'" 
<claude.brown@cliffordchance.com>, "'claire.exum@cliffordchance.com'" 
<claire.exum@cliffordchance.com>, "'nancy.jacklin@cliffordchance.com'" 
<nancy.jacklin@cliffordchance.com>, "'kimberly.loepp@cliffordchance.com'" 
<kimberly.loepp@cliffordchance.com>, "'habib.motani@cliffordchance.com'" 
<habib.motani@cliffordchance.com>, 
"'michelle.pfeiffenberger@cliffordchance.c'" 
<michelle.pfeiffenberger@cliffordchance.c>, "'tina.woo@cliffordchance.com'" 
<tina.woo@cliffordchance.com>, "'david.yeres@cliffordchance.com'" 
<david.yeres@cliffordchance.com>, "'greg.haynes@commerzbankib.com'" 
<greg.haynes@commerzbankib.com>, "'jean-claude_zerey@commerzbank.com'" 
<jean-claude_zerey@commerzbank.com>, Daniel Cunningham 
<dcunning@cravath.com>, Kianga Ellis <kellis@cravath.com>, 
"'cberkowi@us.ca-indosuez.com'" <cberkowi@us.ca-indosuez.com>, 
"'frederic.braun@indosuez.com'" <frederic.braun@indosuez.com>, 
"'alec.cohen@creditlyonnais.co.uk'" <alec.cohen@creditlyonnais.co.uk>, 
"'simon.davidson@csfb.com'" <simon.davidson@csfb.com>, 
"'john.gatsos@csfb.com'" <john.gatsos@csfb.com>, "'stacy.gevas@csfb.com'" 
<stacy.gevas@csfb.com>, "'christine.knight@csfb.com'" 
<christine.knight@csfb.com>, "'barbara_nottebohm@csfb.com'" 
<barbara_nottebohm@csfb.com>, "'john@creditex.com'" <john@creditex.com>, 
"'marku.bormann@dgzbank.de'" <marku.bormann@dgzbank.de>, 
"'ehsu@debevoise.com'" <ehsu@debevoise.com>, "'blim@debevoise.com'" 
<blim@debevoise.com>, "'jb@dentonwildesapte.com'" <jb@dentonwildesapte.com>, 
"'JEG@dentonwildesapte.com'" <JEG@dentonwildesapte.com>, "'wstokyo@GOL.COM'" 
<wstokyo@GOL.COM>, "'katherine.andrews@db.com'" <katherine.andrews@db.com>, 
"'peter.beck@db.com'" <peter.beck@db.com>, "'ken.brougher@db.com'" 
<ken.brougher@db.com>, "'alessandro.cocco@db.com'" <alessandro.cocco@db.com>, 
"'roger.ehrenberg@db.com'" <roger.ehrenberg@db.com>, 
"'jean.fudjinski@db.com'" <jean.fudjinski@db.com>, "'chip.goodrich@db.com'" 
<chip.goodrich@db.com>, "'angie.montalvo@db.com'" <angie.montalvo@db.com>, 
"'nathan.muller@db.com'" <nathan.muller@db.com>, "'dave.petersen@db.com'" 
<dave.petersen@db.com>, "'robert.m.spielman@db.com'" 
<robert.m.spielman@db.com>, "'fabia.warlix@db.com'" <fabia.warlix@db.com>, 
"'lklein@deweyballantine.com'" <lklein@deweyballantine.com>, 
"'jscordato@dlj.com'" <jscordato@dlj.com>, Mark Haedicke 
<Mark.E.Haedicke@enron.com>, "'richard.gonseth@ey.com'" 
<richard.gonseth@ey.com>, "'susanne.boewing@erstebank.at'" 
<susanne.boewing@erstebank.at>, "'n.barr@eib.org'" <n.barr@eib.org>, 
"'rmccaw@ecgd.gov.uk'" <rmccaw@ecgd.gov.uk>, "'dbegley@fhlbatl.com'" 
<dbegley@fhlbatl.com>, "'yealyd@fhlb-pgh.com'" <yealyd@fhlb-pgh.com>, 
"'gu1@ffwlaw.com'" <gu1@ffwlaw.com>, "'marylou.guttmann@funb.com'" 
<marylou.guttmann@funb.com>, "'raross@bkb.com'" <raross@bkb.com>, 
"'brance@freshfields.com'" <brance@freshfields.com>, "'rwhitacre@garban.com'" 
<rwhitacre@garban.com>, "'alan.green@gecapital.com'" 
<alan.green@gecapital.com>, "'rmurphy@genre.com'" <rmurphy@genre.com>, 
"'Alban.Caillemer-du-Ferrage@gide.fr'" <Alban.Caillemer-du-Ferrage@gide.fr>, 
"'duhamel@gide.fr'" <duhamel@gide.fr>, "'john.cieslowski@gs.com'" 
<john.cieslowski@gs.com>, "'david.geen@gs.com'" <david.geen@gs.com>, 
"'charlene.kuo@gs.com'" <charlene.kuo@gs.com>, "'robert.mancini@gs.com'" 
<robert.mancini@gs.com>, "'tom.riggs@gs.com'" <tom.riggs@gs.com>, 
"'chandra.sinnathuray@gs.com'" <chandra.sinnathuray@gs.com>, 
"'tim.j.allen@hsbcgroup.com'" <tim.j.allen@hsbcgroup.com>, 
"'nobby.clark@hsbcgroup.com'" <nobby.clark@hsbcgroup.com>, 
"'michael_boehm@trinkaus.de'" <michael_boehm@trinkaus.de>, 
"'mpeeters@houthoff.nl'" <mpeeters@houthoff.nl>, 
"'levinec@hugheshubbard.com'" <levinec@hugheshubbard.com>, 
"'carolyn_loverro@infinity.com'" <carolyn_loverro@infinity.com>, 
"'jberry@isda-eur.org'" <jberry@isda-eur.org>, Angela Papesch-Sing 
<APapesch@isda.org>, "'seema_bal@ipicorp.com'" <seema_bal@ipicorp.com>, 
"'bond@ipicorp.com'" <bond@ipicorp.com>, "'ptrollip@investec.co.za'" 
<ptrollip@investec.co.za>, "'adams_jon@jpmorgan.com'" 
<adams_jon@jpmorgan.com>, Mark Brickell <brickell_mark@jpmorgan.com>, 
"'lewis_david@jpmorgan.com'" <lewis_david@jpmorgan.com>, 
"'masters_blythe@jpmorgan.com'" <masters_blythe@jpmorgan.com>, 
"'thompson_don@jpmorgan.com'" <thompson_don@jpmorgan.com>, 
"'xistris_demetrios@jpmorgan.com'" <xistris_demetrios@jpmorgan.com>, 
"'enalbatian@jonesday.com'" <enalbatian@jonesday.com>, 
"'andrew.dominus@kbcfp.com'" <andrew.dominus@kbcfp.com>, 
"'thomas.bulgrin@kfw.de'" <thomas.bulgrin@kfw.de>, "'recht@lbbw.de'" 
<recht@lbbw.de>, "'gernot.becker@helaba.de'" <gernot.becker@helaba.de>, 
"'beatrix.goebel@helaba.de'" <beatrix.goebel@helaba.de>, 
"'paul.condon@lrp.de'" <paul.condon@lrp.de>, "'gkieslin@lehman.com'" 
<gkieslin@lehman.com>, "'bmcgowan@lehman.com'" <bmcgowan@lehman.com>, 
"'cmordas@lehman.com'" <cmordas@lehman.com>, "'kwalker@lehman.com'" 
<kwalker@lehman.com>, "'hpilley@linklaters.com'" <hpilley@linklaters.com>, 
"'laurence.garside@lovells.com'" <laurence.garside@lovells.com>, 
"'patricia.sadro@mpuk.com'" <patricia.sadro@mpuk.com>, 
"'judith.lawless@mccann-fitzgerald.ie'" 
<judith.lawless@mccann-fitzgerald.ie>, "'atkinric@filon.ml.com'" 
<atkinric@filon.ml.com>, "'bbarrett@exchange.ml.com'" 
<bbarrett@exchange.ml.com>, "'larry_dobosh@ml.com'" <larry_dobosh@ml.com>, 
"'bradl@ml.com'" <bradl@ml.com>, "'sean_tiwari@ml.com'" <sean_tiwari@ml.com>, 
"'hermann_watzinger@ml.com'" <hermann_watzinger@ml.com>, 
"'ebo.colemane@moodys.com'" <ebo.colemane@moodys.com>, 
"'Bill.May@moodys.com'" <Bill.May@moodys.com>, "'tolkj@moodys.com'" 
<tolkj@moodys.com>, "'craig.abruzzo@msdw.com'" <craig.abruzzo@msdw.com>, 
"'gurjinder.bassi@msdw.com'" <gurjinder.bassi@msdw.com>, "'epstein@ms.com'" 
<epstein@ms.com>, "'aronj@ms.com'" <aronj@ms.com>, "'Joan.Ma@msdw.com'" 
<Joan.Ma@msdw.com>, "'stephen.o'connor@msdw.com'" 
<stephen.o'connor@msdw.com>, "'julie.oneill@msdw.com'" 
<julie.oneill@msdw.com>, "'philipsm@ms.com'" <philipsm@ms.com>, 
"'thomasa@ms.com'" <thomasa@ms.com>, "'thum@ms.com'" <thum@ms.com>, 
"'terrence.yang@msdw.com'" <terrence.yang@msdw.com>, 
"'ujahn@morganlewis.com'" <ujahn@morganlewis.com>, "'rodg6874@mlb.com'" 
<rodg6874@mlb.com>, "'cameron.munro@eu.nabgroup.com'" 
<cameron.munro@eu.nabgroup.com>, "'francois.bourassa@bnc.ca'" 
<francois.bourassa@bnc.ca>, "'tom.oriordan@nomura.co.uk'" 
<tom.oriordan@nomura.co.uk>, "'tsalatte@nomurany.com'" 
<tsalatte@nomurany.com>, "'iversena@nortonrose.com'" 
<iversena@nortonrose.com>, "'james.lettiere@bnpparibas.com'" 
<james.lettiere@bnpparibas.com>, "'g.neville@nyc.rabobank.com'" 
<g.neville@nyc.rabobank.com>, "'pratleyz@rabo-bank.com'" 
<pratleyz@rabo-bank.com>, "'ejung@refco.com'" <ejung@refco.com>, 
"'susan.heard@rbcds.com'" <susan.heard@rbcds.com>, 
"'emily.jelich@royalbank.com'" <emily.jelich@royalbank.com>, 
"'goodmal@rbos.co.uk'" <goodmal@rbos.co.uk>, "'hallsd@rbos.co.uk'" 
<hallsd@rbos.co.uk>, "'mercerl@rbos.co.uk'" <mercerl@rbos.co.uk>, 
"'wplayle@sanwaint.com'" <wplayle@sanwaint.com>, "'dparisi@shearman.com'" 
<dparisi@shearman.com>, "'hwest@shearman.com'" <hwest@shearman.com>, 
"'ccarlon@sidley.com'" <ccarlon@sidley.com>, "'adalton@sidley.com'" 
<adalton@sidley.com>, "'aglass@sidley.com'" <aglass@sidley.com>, 
"'mgreenbe@sidley.com'" <mgreenbe@sidley.com>, 
"'tom.hunter@simmons-simmons.com'" <tom.hunter@simmons-simmons.com>, 
"'josborn@skadden.com'" <josborn@skadden.com>, "'olle.Westring@seb.se'" 
<olle.Westring@seb.se>, "'anna.lawry@slaughterandmay.com'" 
<anna.lawry@slaughterandmay.com>, "'patrick.rosenvinge@slaughterandmay.com'" 
<patrick.rosenvinge@slaughterandmay.com>, "'tugdual.boisse@socgen.com'" 
<tugdual.boisse@socgen.com>, "'cecile.hollevoet@us.socgen.com'" 
<cecile.hollevoet@us.socgen.com>, "'cecilia.poullain@socgen.com'" 
<cecilia.poullain@socgen.com>, "'governor.tipton@us.socgen.com'" 
<governor.tipton@us.socgen.com>, "'jacqueline_tang@standardandpoors.com'" 
<jacqueline_tang@standardandpoors.com>, "'simmonsr@sullcrom.com'" 
<simmonsr@sullcrom.com>, "'stephen_frank@sumitomobank.com'" 
<stephen_frank@sumitomobank.com>, "'anfo@handelsbanken.com'" 
<anfo@handelsbanken.com>, "'stephen_kruft@swissre.com'" 
<stephen_kruft@swissre.com>, "'cjameson@thacherproffitt.com'" 
<cjameson@thacherproffitt.com>, "'beckek3@tdsec.co.uk'" 
<beckek3@tdsec.co.uk>, "'chiarp@tdusa.com'" <chiarp@tdusa.com>, 
"'hansec@tdusa.com'" <hansec@tdusa.com>, "'rosenj2@tdusa.com'" 
<rosenj2@tdusa.com>, "'daniel.ladd@wdr.com'" <daniel.ladd@wdr.com>, 
"'byron.lancaster@ubsw.com'" <byron.lancaster@ubsw.com>, 
"'william.sullivan@wdr.com'" <william.sullivan@wdr.com>, 
"'evita.vulgaris@wdr.com'" <evita.vulgaris@wdr.com>, 
"'birgit_hoefer@westlb.de'" <birgit_hoefer@westlb.de>, 
"'matthias_kalthoff@westlb.de'" <matthias_kalthoff@westlb.de>, 
"'dr_klaus_poggemann@WestLB.de'" <dr_klaus_poggemann@WestLB.de>, 
"'dhoney@westpac.com.au'" <dhoney@westpac.com.au>, "'llove@westpac.com.au'" 
<llove@westpac.com.au>, "'tmcclarty@westpac.com.au'" 
<tmcclarty@westpac.com.au>, "'jmorgado@westpac.com.au'" 
<jmorgado@westpac.com.au>, "'istewart@westpac.com.au'" 
<istewart@westpac.com.au>, "'sross@ny.whitecase.com'" 
<sross@ny.whitecase.com>, "'jbauman@eprimus.com'" <jbauman@eprimus.com>
		 cc: Robert Pickel <RPICKEL@isda.org>, Kimberly Summe <KSumme@isda.org>
		 Subject: Restructuring Meeting

Memo to Credit Derivatives Documentation Task Force:
We have arranged for meetings of the Credit Derivatives Documentation Task
Force to take place simultaneously in New York and London on Monday,
November 13, at 9:30 NY time/2:30 London time. The New York meeting will
take place at the offices of Chase Manhattan Bank, 270 Park Avenue, 11th
Floor, Room C. The London meeting will take place at the offices of Morgan
Stanley Dean Witter, 20 Cabot Square, Canary Wharf, London E14.  Please RSVP
to Barbara Hanlon at bhanlon@isda.org indicating at which location you will
be attending.
At each meeting, I will arrange for several individuals to present their
view on the Restructuring issue. There will then be an opportunity in each
meeting to ask questions of those individuals and for more general
discussion. We will then link the London and New York meetings by telephone
to share views between the meetings. 
This distribution list is drawn from participants in the documentation
process. The Restructuring issue, while focused on a term in the
documentation, is nevertheless one of market practice and not really one of
documentation. We, therefore, encourage you to ensure that the views of your
trading desk are expressed at the meeting, preferably by having someone from
the desk at the meeting. We expect a large number of people at the meetings,
however, so we also encourage you to consider who from your institution is
most critical to be in attendance to ensure that your views are heard. 
We look forward to hearing from you on the 13th. 

Bob Pickel

Mr. Robert Pickel
General Counsel
International Swaps and Derivatives Association, Inc.
600 Fifth Avenue, 27th Floor
Rockefeller Center
New York, New York 10020-2302
Phone: (212) 332-1200
Fax: (212) 332-1212
http://www.isda.org

