Message-ID: <19798982.1075858585877.JavaMail.evans@thyme>
Date: Fri, 15 Jun 2001 08:28:13 -0700 (PDT)
From: outlook-migration-team@enron.com
To: mark.taylor@enron.com
Subject: Your New Outlook Contacts
Mime-Version: 1.0
Content-Type: text/plain; charset=ANSI_X3.4-1968
Content-Transfer-Encoding: 7bit
X-From: Outlook-Migration-Team </O=ENRON/OU=NA/CN=RECIPIENTS/CN=EXCHMIGTEAM>
X-To: Taylor, Mark </O=ENRON/OU=NA/CN=RECIPIENTS/CN=Mtaylo1>
X-cc: 
X-bcc: 
X-Folder: \MTAYLO1 (Non-Privileged)\Taylor, Mark E (Legal)\Boat
X-Origin: Taylor-M
X-FileName: MTAYLO1 (Non-Privileged).pst

PERSON~Jim~~~~Avant~~~~~~~~~~~~~~~~~~~~~~~~~~~~~~~~~~~~~~~~~~~~~~~~~~jfa@daplaw.com~#
PERSON~Mark~~~~Brickell~~~~~~~~~~~~~~212-648-6605~~212-648-5376~~~~JP Morgan~~~~~~~~~~~~~~~~~~~~~~~~~~~~~~"Mark Brickell" <brickell_mark@jpmorgan.com>~#
PERSON~Ted~~~~Bockius~~~~~~~~~~~~~~281-927-8311~~~~~~iVita~~~~~~~~~~~~~~~~~~~~~~~~~~~~~~Ted.Bockius@ivita.com~#
PERSON~Veronica~~~~Brock~~~~~~~~~~~~~~~~~~~~~~~~~~~~~~~~~~~~~~~~~~~~~~~~~~veronica_brock@hotmail.com~#
PERSON~~~~~carrd2~~~~~~~~~~~~~~~~~~~~~~~~~~~~~~~~~~~~~~~~~~~~~~~~~carrd2@tdcibg.com~#
PERSON~Marc~~~~Cutler~~~~~~~~~~~~~~~~~~~~~~~~~~~~~~~~~~~~~~~~~~~~~~~~~~Marc.R.Cutler@BankAmerica.com~#
PERSON~~~~~djcustomclips~~~~~~~~~~~~~~~~~~~~~~~~~~~~~~~~~~~~~~~~~~~~~~~~~djcustomclips@djinteractive.com~#
PERSON~John~~~~Estrada~~~~~~~~~~~~~~~~~~~~~~~~~~~~~~~~~~~~~~~~~~~~~~~~~~John.Estrada@motorola.com~#
PERSON~John~~and~~Eleanor Taylor~~~~~~~~~~~~~~~~~~~~~~~~~~~~~~~~~~~~~~~~~~~~~~~~~~"John and Eleanor Taylor" <j_and_e_taylor@email.msn.com>~#
PERSON~DeWitt~~~~Godfrey~~~~~~~~~~~~~~~~~~~~~~~~~~~~~~~~~~~~~~~~~~~~~~~~~~dagodfrey@amherst.edu~#
PERSON~Michael~~~~Goldstein~~~~~~~~~~~~~~~~~~~~~~~~~~~~~~~~~~~~~~~~~~~~~~~~~~mgoldstein@sempratrading.com~#
PERSON~Frank~~~~Getman~~~~~~~~~~~~~~~~~~~~~~~~~~~~~~~~~~~~~~~~~~~~~~~~~~fgetman@houstonstreet.com~#
PERSON~Jim~~~~Griffin~~~~~~~~~~~~~~~~~~~~~~~~~~~~~~~~~~~~~~~~~~~~~~~~~~Jim.Griffin@COMPAQ.com~#
PERSON~Jim~~~~Griffin~~~~~~~~~~~~~~~~~~~~~~~~~~~~~~~~~~~~~~~~~~~~~~~~~~Jim.Griffin@COMPAQ.com~#
PERSON~Amanda~~~~Hayman~~~~~~~~~~~~~~~~~~~~~~~~~~~~~~~~~~~~~~~~~~~~~~~~~~amh5h@server2.mail.virginia.edu~#
PERSON~Brent~~~~Hendry~~~~~~~~~~~~~~~~~~~~~~~~~~~~~~~~~~~~~~~~~~~~~~~~~~~#
PERSON~Gordon~~~~Hagendorf~~~~~~~~~~~~~~~~~~~~~~~~~~~~~~~~~~~~~~~~~~~~~~~~~~gordon.hagendorf@kvaerner.com~#
PERSON~Marie~~Ann~~Heard~~~~~~~~~~~~~~~~~~~~~~~~~~~~~~~~~~~~~~~~~~~~~~~~~~a-mheard@houston.rr.com~#
PERSON~Holly~~~~Keiser~~~~~~~~~~~~~~~~~~~~~~~~~~~~~~~~~~~~~~~~~~~~~~~~~~CN=Holly Keiser/O=ENRON_DEVELOPMENT~#
PERSON~Mark~~~~Kopinski~~~~~~~~~~~~~~~~~~~~~~~~~~~~~~~~~~~~~~~~~~~~~~~~~~CN=Mark_Kopinski/OU=INTL/OU=ACIM/O=americancentury@americancentury.com~#
PERSON~"Mark~~~~Kopinski~~~~~~~~~~~~~~~~~~~~~~~~~~~~~~~~~~~~~~~~~~~~~~~~~"Mark_Kopinski/INTL/ACIM/americancentury"@americancentury.com~#
PERSON~David~~~~Mitchell~~~~100 Maiden Lane
New York, NY~~New York~~NY~~10038~~~~212-504-6285~~212-504-6666~~~~Cadwalader, Wickersham & Taft~~~~~~~~~~~~Partner~~~~100 Maiden Lane~~~~~~~~~~~~~~~#
PERSON~Robert~~~~Nichols~~~~~~~~~~~~~~~~~~~~~~~~~~~~~~~~~~~~~~~~~~~~~~~~~~rob.nichols@painewebber.com~#
PERSON~Greg~~~~Pier~~~~~~~~~~~~~~(212) 497-4326~~(212) 655-7530~~~~DoubleClick~~210 W. 70th St. #508?New York, NY~~New York~~NY~~10023~~~~~~~~~~~~~~~~(800)pagemci 1434222~~~~~~gpier@doubleclick.net~#
PERSON~Greg~~~~Pier~~~~~~~~~~~~~~~~~~~~DoubleClick~~~~~~~~~~~~~~~~~~~~~~~~~~~~~~gpier@doubleclick.net~#
PERSON~robert~~~~spielman~~~~~~~~~~~~~~~~~~~~~~~~~~~~~~~~~~~~~~~~~~~~~~~~~~robert.m.spielman@db.com~#
PERSON~Eleanor~~~~Taylor~~~~~~~~~~~~~~~~~~~~~~~~~~~~~~~~~~~~~~~~~~~~~~~~~~mzeleanor@juno.com (Eleanor F Taylor) ~#
PERSON~Taylor~~~~Taylor~~~~~~~~~~~~~~~~~~~~~~~~~~~~~~~~~~~~~~~~~~~~~~~~~Taylor Timothy G CHPPM <Timothy.Taylor@APG.AMEDD.ARMY.MIL>~#
PERSON~Timothy~~~~Taylor~~~~~~~~~~~~~~~~~~~~~~~~~~~~~~~~~~~~~~~~~~~~~~~~~~Taylor Timothy G <Timothy.Taylor@APG.AMEDD.ARMY.MIL>~#
PERSON~Trish~~~~WavelengthSalon~~~~~~~~~~~~~~~~~~~~~~~~~~~~~~~~~~~~~~~~~~~~~~~~~~WavelengthSalon@aol.com~#
PERSON~David~~~~Yeres~~~~~~~~~~~~~~~~~~~~~~~~~~~~~~~~~~~~~~~~~~~~~~~~~~david.yeres@cliffordchance.com~#
PERSON~Marc"~~~~"Cutler~~~~~~~~~~~~~~~~~~~~~~~~~~~~~~~~~~~~~~~~~~~~~~~~~"Cutler, Marc" <Marc_Cutler@bmc.com>~#
PERSON~David~~~~<gilbergd~~~~~~~~~~~~~~~~~~~~~~~~~~~~~~~~~~~~~~~~~~~~~~~~~David Gilberg <gilbergd@sullcrom.com>~#
PERSON~George~~~~<hessacres~~~~~~~~~~~~~~~~~~~~~~~~~~~~~~~~~~~~~~~~~~~~~~~~~George & Cathy Hess <hessacres@sprintmail.com>~#
PERSON~"Bruce~~~~<bhutt~~~~~~~~~~~~~~~~~~~~~~~~~~~~~~~~~~~~~~~~~~~~~~~~~"Bruce Hutt" <bhutt@ankarcapital.com>~#
PERSON~"Bruce~~~~<bhutt~~~~~~~~~~~~~~~~~~~~~~~~~~~~~~~~~~~~~~~~~~~~~~~~~"Bruce Hutt" <bhutt@ankarcapital.com>~#
PERSON~"CHARLES~~~~<fishkinc~~~~~~~~~~~~~~~~~~~~~~~~~~~~~~~~~~~~~~~~~~~~~~~~~"CHARLES FISHKIN" <fishkinc@hotmail.com>~#
PERSON~"DAVID~~~~<dsgould~~~~~~~~~~~~~~~~~~~~~~~~~~~~~~~~~~~~~~~~~~~~~~~~~"DAVID S. GOULD" <dsgould@midwest.net>~#
PERSON~"Kenneth~~~~<RAISLERK~~~~~~~~~~~~~~~~~~~~~~~~~~~~~~~~~~~~~~~~~~~~~~~~~"Kenneth M. Raisler" <RAISLERK@sullcrom.com>~#
PERSON~"Linda~~~~<lhayman~~~~~~~~~~~~~~~~~~~~~~~~~~~~~~~~~~~~~~~~~~~~~~~~~"Linda Hayman" <lhayman@skadden.com>~#
PERSON~"Robert~~~~<rzochowski~~~~~~~~~~~~~~~~~~~~~~~~~~~~~~~~~~~~~~~~~~~~~~~~~"Robert Zochowski" <rzochowski@shearman.com>~#