Message-ID: <15560405.1075860469263.JavaMail.evans@thyme>
Date: Wed, 28 Mar 2001 06:32:00 -0800 (PST)
From: lysa.akin@enron.com
To: bferranti@mbllp.com
Subject: Re: WP-02 Data Response
Mime-Version: 1.0
Content-Type: text/plain; charset=us-ascii
Content-Transfer-Encoding: 7bit
X-From: Lysa Akin
X-To: "Ferranti, Bill" <bferranti@mbllp.com> @ ENRON
X-cc: 
X-bcc: 
X-Folder: \Mary_Hain_Aug2000_Jul2001\Notes Folders\'sent mail
X-Origin: Hain-M
X-FileName: mary-hain.nsf

Mary Hain has resigned her position with Enron.  Please remove her from all 
your mail lists.

Thank you.

Lysa Akin
Gov't Affairs - Sr. Admin. Ass't.



   
	Enron Capital & Trade Resources Corp.
	
	From:  "Ferranti, Bill" <bferranti@mbllp.com>                           
03/21/2001 03:57 PM
	

To: "'abuckley@wutc.wa.gov'" <abuckley@wutc.wa.gov>, "'alan@epud.org'" 
<alan@epud.org>, "'ali.rodol@ci.seattle.wa.us'" <ali.rodol@ci.seattle.wa.us>, 
"'archive-power-ratecase@bpa.gov'" <archive-power-ratecase@bpa.gov>, 
"'aw_turner@pgn.com'" <aw_turner@pgn.com>, "'BASSL@sce.com'" <BASSL@sce.com>, 
"'bessex@cowlitzpud.org'" <bessex@cowlitzpud.org>, "Ferranti, Bill" 
<bferranti@mbllp.com>, "'bpadiscovery@merkellaw.com'" 
<bpadiscovery@merkellaw.com>, "'ccopatrny@e-z.net'" <ccopatrny@e-z.net>, 
"'crow@millernash.com'" <crow@millernash.com>, "'cub@teleport.com'" 
<cub@teleport.com>, "'cwagers@dcpud.org'" <cwagers@dcpud.org>, 
"'dan.meek@usa.net'" <dan.meek@usa.net>, "'darcy@tonkon.com'" 
<darcy@tonkon.com>, "'darkills@popud.com'" <darkills@popud.com>, 
"'dbkinnard@pplmt.com'" <dbkinnard@pplmt.com>, "'dfaulk@puget.com'" 
<dfaulk@puget.com>, "'discoveryparalegal@bpa.gov'" 
<discoveryparalegal@bpa.gov>, "'dldorrell@stoel.com'" <dldorrell@stoel.com>, 
"'dmacgregor@morganlewis.com'" <dmacgregor@morganlewis.com>, 
"'doney@doneylaw.com'" <doney@doneylaw.com>, "'doug_brawley@pngc.com'" 
<doug_brawley@pngc.com>, "'dparrish@prmllp.com'" <dparrish@prmllp.com>, 
"Schoenbeck, Don" <dws@keywaycorp.com>, "'eauverde@hotmail.com'" 
<eauverde@hotmail.com>, "'eboyd@ppcpdx.org'" <eboyd@ppcpdx.org>, 
"'efinklea@energyadvocates.com'" <efinklea@energyadvocates.com>, 
"'elisaCKF@aol.com'" <elisaCKF@aol.com>, "'EnerGlaw@aol.com'" 
<EnerGlaw@aol.com>, "'Eric.Larson@oremetwahchang.com'" 
<Eric.Larson@oremetwahchang.com>, "'erick_johnson@pngc.com'" 
<erick_johnson@pngc.com>, "'ghuhta@cowlitzpud.org'" <ghuhta@cowlitzpud.org>, 
"'huse@eesconsulting.com'" <huse@eesconsulting.com>, "'ias@dvclaw.com'" 
<ias@dvclaw.com>, "Speer, Jack" <Jack.Speer@alcoa.com>, "'jacksonc@ida.net'" 
<jacksonc@ida.net>, "'janet.prewitt@state.or.us'" 
<janet.prewitt@state.or.us>, "'jdeason@chbh.com'" <jdeason@chbh.com>, 
"'jeffn@subutil.com'" <jeffn@subutil.com>, "'jhartso@enron.com'" 
<jhartso@enron.com>, "'JLH@mc-power.com'" <JLH@mc-power.com>, 
"'johk@critfc.org'" <johk@critfc.org>, "'john.yanov@eweb.eugene.or.us'" 
<john.yanov@eweb.eugene.or.us>, "'johncameron@dwt.com'" 
<johncameron@dwt.com>, "'jolynnr@mresearch.com'" <jolynnr@mresearch.com>, 
"'jpw@duncanallen.com'" <jpw@duncanallen.com>, "'jrb_ora@televar.com'" 
<jrb_ora@televar.com>, "'jsaven@pacifier.com'" <jsaven@pacifier.com>, 
"'jschlect@avistacorp.com'" <jschlect@avistacorp.com>, 
"'kevin.clark@ci.seattle.wa.us'" <kevin.clark@ci.seattle.wa.us>, 
"'kknitte@gcpud.org'" <kknitte@gcpud.org>, "'kmoxness@cencoast.com'" 
<kmoxness@cencoast.com>, "'kpom@mail.pacifier.com'" <kpom@mail.pacifier.com>, 
"'kyle@ppcpdx.org'" <kyle@ppcpdx.org>, "'lawyer@teleport.com'" 
<lawyer@teleport.com>, "'Lhamilton@avistaenergy.com'" 
<Lhamilton@avistaenergy.com>, "'lpeters@pacifier.com'" 
<lpeters@pacifier.com>, "'lwolv@worldaccessnet.com'" 
<lwolv@worldaccessnet.com>, "'lyn_williams@pgn.com'" <lyn_williams@pgn.com>, 
"'marc.hellman@state.or.us'" <marc.hellman@state.or.us>, 
"'marss@perkinscoie.com'" <marss@perkinscoie.com>, "'matts1@atg.wa.gov'" 
<matts1@atg.wa.gov>, "'mershanlaw@aol.com'" <mershanlaw@aol.com>, 
"'mhain@ect.enron.com'" <mhain@ect.enron.com>, "Early, Michael" 
<michaelearly@earthlink.net>, "'mike.macdougall@powerex.com'" 
<mike.macdougall@powerex.com>, "'mmetzler@ci.tacoma.wa.us'" 
<mmetzler@ci.tacoma.wa.us>, "'mschaff@worldnet.att.net'" 
<mschaff@worldnet.att.net>, "'mthomas@mtpower.com'" <mthomas@mtpower.com>, 
"'Paul@KinergyLLC.com'" <Paul@KinergyLLC.com>, "Forsyth, Pete" 
<pete.forsyth@kaiseral.com>, "'pete@ashland.or.us'" <pete@ashland.or.us>, 
"'peter@richardsonandoleary.com'" <peter@richardsonandoleary.com>, 
"'pfox@bracepatt.com'" <pfox@bracepatt.com>, "'pljacklin@stoel.com'" 
<pljacklin@stoel.com>, "Murphy, Paul" <pmurphy@mbllp.com>, 
"'pnichols@idahopower.com'" <pnichols@idahopower.com>, 
"'pobenchain@idahopower.com'" <pobenchain@idahopower.com>, 
"'pspi@dynegy.com'" <pspi@dynegy.com>, "'pvickery@tpud.org'" 
<pvickery@tpud.org>, "'rachel@rnp.org'" <rachel@rnp.org>, 
"'ratecase@pngc.com'" <ratecase@pngc.com>, "'rates@ppcpdx.org'" 
<rates@ppcpdx.org>, "'rbstrong@painehamblen.com'" 
<rbstrong@painehamblen.com>, "Bliven, Ray" <rdb@keywaycorp.com>, 
"'rfoiani@gcpud.org'" <rfoiani@gcpud.org>, "'rkindley@schwabe.com'" 
<rkindley@schwabe.com>, "'rle@givenspursley.com'" <rle@givenspursley.com>, 
"'rpierce@avistaenergy.com'" <rpierce@avistaenergy.com>, 
"'scott.brattebo@pacificorp.com'" <scott.brattebo@pacificorp.com>, 
"'seligman@teleport.com'" <seligman@teleport.com>, "'simonf@atg.wa.gov'" 
<simonf@atg.wa.gov>, "'sjohnsto@wutc.wa.gov'" <sjohnsto@wutc.wa.gov>, 
"'skaravit@ci.tacoma.wa.us'" <skaravit@ci.tacoma.wa.us>, 
"'stephens@eslerstephens.com'" <stephens@eslerstephens.com>, 
"'steve@nwenergy.org'" <steve@nwenergy.org>, "'tdeboer@painehamblen.com'" 
<tdeboer@painehamblen.com>, "'terrym@millcreeklaw.com'" 
<terrym@millcreeklaw.com>, "'tgrim@chbh.com'" <tgrim@chbh.com>, 
"'townsend@chbh.com'" <townsend@chbh.com>, "'tracigrundon@dwt.com'" 
<tracigrundon@dwt.com>, "'tstevenson@ci.burbank.ca.us'" 
<tstevenson@ci.burbank.ca.us>, "'weavertr@yakima-wa.com'" 
<weavertr@yakima-wa.com>, "'wmgt3@montana.com'" <wmgt3@montana.com>
cc:  
Subject: WP-02 Data Response


 <<PP-DS.AL-01.doc>>  <<PP-DS.AL-02-03.doc>>  <<PP-DS-008-009.doc>>

Attached are responses to PP-DS/AL:001-003 and PP-DS:008-009.

Bill Ferranti
Murphy & Buchal LLP
503-227-1011
bferranti@mbllp.com


 - PP-DS.AL-01.doc
 - PP-DS.AL-02-03.doc
 - PP-DS-008-009.doc

