Message-ID: <5299622.1075849605311.JavaMail.evans@thyme>
Date: Thu, 21 Jun 2001 10:18:00 -0700 (PDT)
From: jeff.dasovich@enron.com
To: barry.tycholiz@enron.com, stephanie.miller@enron.com, chris.foster@enron.com, 
	jeffery.fawcett@enron.com, drew.fossum@enron.com, 
	rebecca.cantrell@enron.com, leslie.lawner@enron.com, 
	joe.hartsoe@enron.com, steven.harris@enron.com, 
	shelley.corman@enron.com, julie.gomez@enron.com, 
	donna.fulton@enron.com
Subject: Calpine Protest in CPUC Proceeding A.01-06-020
Mime-Version: 1.0
Content-Type: text/plain; charset=us-ascii
Content-Transfer-Encoding: 7bit
X-From: Jeff Dasovich
X-To: Barry Tycholiz, Stephanie Miller, Chris H Foster, Jeffery Fawcett, Drew Fossum, Rebecca W Cantrell, Leslie Lawner, Joe Hartsoe, Steven Harris, Shelley Corman, Julie A Gomez, Donna Fulton
X-cc: 
X-bcc: 
X-Folder: \Jeff_Dasovich_Oct2001\Notes Folders\Sent
X-Origin: DASOVICH-J
X-FileName: jdasovic.nsf

----- Forwarded by Jeff Dasovich/NA/Enron on 06/21/2001 05:17 PM -----

	"Nielsen, Barbara" <barbaranielsen@dwt.com>
	06/20/2001 07:14 PM
		 
		 To: "'aamirali@caiso.com'" <aamirali@caiso.com>, "'adonnelly@prmllp.com'" 
<adonnelly@prmllp.com>, "'agold@coral-energy.com'" <agold@coral-energy.com>, 
"'alan.killion@williams.com'" <alan.killion@williams.com>, 
"'alex.sugaoka@uaecorp.com'" <alex.sugaoka@uaecorp.com>, 
"'askaff@energy-law-group.com'" <askaff@energy-law-group.com>, 
"'bbrunel@smud.org'" <bbrunel@smud.org>, "'bcope@ci.redding.ca.us'" 
<bcope@ci.redding.ca.us>, "'bcragg@gmssr.com'" <bcragg@gmssr.com>, 
"'bhabersack@gasbiz.com'" <bhabersack@gasbiz.com>, "'bmantz@sempra-slns.com'" 
<bmantz@sempra-slns.com>, "'bobfraser@aec.ca'" <bobfraser@aec.ca>, 
"'brad.king@usa.conoco.com'" <brad.king@usa.conoco.com>, 
"'bradylaw@pacbell.net'" <bradylaw@pacbell.net>, 
"'bruce.a.connell@usa.conoco.com'" <bruce.a.connell@usa.conoco.com>, 
"'burkee@cts.com'" <burkee@cts.com>, "'bwood@energy.state.ca.us'" 
<bwood@energy.state.ca.us>, "'cabaker@duke-energy.com'" 
<cabaker@duke-energy.com>, "'ceyap@earthlink.net'" <ceyap@earthlink.net>, 
"'cgoodman@energymarketers.com'" <cgoodman@energymarketers.com>, 
"'charles.jacobini@acnenergy.com'" <charles.jacobini@acnenergy.com>, 
"'chawes@txuenergy.com'" <chawes@txuenergy.com>, "'cprice@igservice.com'" 
<cprice@igservice.com>, "'craigc@calpine.com'" <craigc@calpine.com>, 
"'csullivan@coral-energy.com'" <csullivan@coral-energy.com>, 
"'danny_macdonald@powerspring.com'" <danny_macdonald@powerspring.com>, 
"'dave.sloan@gt.pge.com'" <dave.sloan@gt.pge.com>, "'davef@abag.ca.gov'" 
<davef@abag.ca.gov>, "'ddame@ncpa.com'" <ddame@ncpa.com>, 
"'djones@gasbiz.com'" <djones@gasbiz.com>, "'dmkellerton@ibm.net'" 
<dmkellerton@ibm.net>, "'dpk@cipa.org'" <dpk@cipa.org>, "'dwillis@sdge.com'" 
<dwillis@sdge.com>, "'DWA3@pge.com'" <DWA3@pge.com>, 
"'dwswapp@duke-energy.com'" <dwswapp@duke-energy.com>, "'ed@clfp.com'" 
<ed@clfp.com>, "O'Neill, Edward" <edwardoneill@dwt.com>, "'egw@aelaw.com'" 
<egw@aelaw.com>, "'eke@aelaw.com'" <eke@aelaw.com>, "'epoole@adplaw.com'" 
<epoole@adplaw.com>, "'eric.eisenman@neg.pge.com'" 
<eric.eisenman@neg.pge.com>, "'erin_m_delsing@reliantenergy.com'" 
<erin_m_delsing@reliantenergy.com>, "'fillmotw@sce.com'" <fillmotw@sce.com>, 
"'frazier@bull.som.yale.edu'" <frazier@bull.som.yale.edu>, "'Flindh@pgt.net'" 
<Flindh@pgt.net>, "'girish_balachandran@city.palo-alto.ca.us'" 
<girish_balachandran@city.palo-alto.ca.us>, "'gnadeau@suncor.com'" 
<gnadeau@suncor.com>, "'grant_kolling@city.palo-alto.ca.us'" 
<grant_kolling@city.palo-alto.ca.us>, "'gregory_hood@oxy.com'" 
<gregory_hood@oxy.com>, "'gregs@mid.org'" <gregs@mid.org>, 
"'gsullivan@Sempra.com'" <gsullivan@Sempra.com>, "'gworster@txuenergy.com'" 
<gworster@txuenergy.com>, "'hankd@calpine.com'" <hankd@calpine.com>, 
"'healyb@epenergy.com'" <healyb@epenergy.com>, "'jdasovic@enron.com'" 
<jdasovic@enron.com>, "'jerryl@abag.ca.gov'" <jerryl@abag.ca.gov>, 
"'jfawcet@enron.com'" <jfawcet@enron.com>, "'jfossum@westernhubs.com'" 
<jfossum@westernhubs.com>, "'jgopal@energy.state.ca.us'" 
<jgopal@energy.state.ca.us>, "'jhla@dynegy.com'" <jhla@dynegy.com>, 
"'jkarp@whitecase.com'" <jkarp@whitecase.com>, "'jleslie@luce.com'" 
<jleslie@luce.com>, "'jmartini@cipa.org'" <jmartini@cipa.org>, 
"'jnm@cpuc.ca.gov'" <jnm@cpuc.ca.gov>, "'joe.paul@dynegy.com'" 
<joe.paul@dynegy.com>, "'john_ulrich@city.palo-alto.ca.us'" 
<john_ulrich@city.palo-alto.ca.us>, "'johnj@bcjlaw.com'" <johnj@bcjlaw.com>, 
"'jsuwara@sempra.com'" <jsuwara@sempra.com>, "Pau, Judy" <judypau@dwt.com>, 
"Judy Young (E-mail)" <jlyoung@sempra.com>, "Judy Young (E-mail)" 
<jlyoung@sempra.com>, "'justin_sutton@powerspring.com'" 
<justin_sutton@powerspring.com>, "'jweil@aglet.org'" <jweil@aglet.org>, 
"'jwr5532@aol.com'" <jwr5532@aol.com>, "'karen@klindh.com'" 
<karen@klindh.com>, "'karl@ncpa.com'" <karl@ncpa.com>, 
"'katie_elder@rmiinc.com'" <katie_elder@rmiinc.com>, 
"'keeling.robert@epenergy.com'" <keeling.robert@epenergy.com>, 
"'keith.brown@swgas.com'" <keith.brown@swgas.com>, "'khatz@titanenergy.com'" 
<khatz@titanenergy.com>, "'khensman@aeraenergy.com'" 
<khensman@aeraenergy.com>, "'kl@mrwassoc.com'" <kl@mrwassoc.com>, 
"'kmagruder@newpower.com'" <kmagruder@newpower.com>, "'kmccrea@sablaw.com'" 
<kmccrea@sablaw.com>, "'kotoole@westernhubs.com'" <kotoole@westernhubs.com>, 
"'kpurbhoo@enron.com'" <kpurbhoo@enron.com>, "'kzemp@lightspeed.net'" 
<kzemp@lightspeed.net>, "'lbdr@powercomenergy.com'" 
<lbdr@powercomenergy.com>, "How-Downing, Lindsey" 
<lindseyhowdowning@dwt.com>, "'llorenz@pacent.com'" <llorenz@pacent.com>, 
"'marcel@turn.org'" <marcel@turn.org>, "'mbaldwin@igservice.com'" 
<mbaldwin@igservice.com>, "'mbornhoeft@socalgas.com'" 
<mbornhoeft@socalgas.com>, "'mcconnk@epenergy.com'" <mcconnk@epenergy.com>, 
"'mcollette@econone.com'" <mcollette@econone.com>, "'mday@gmssr.com'" 
<mday@gmssr.com>, "'mdjoseph@adamsbroadwell.com'" 
<mdjoseph@adamsbroadwell.com>, "'mflorio@turn.org'" <mflorio@turn.org>, 
"'michael.alexander@sce.com'" <michael.alexander@sce.com>, 
"'michael_r._soland@oxy.com'" <michael_r._soland@oxy.com>, 
"'mike.huk@gov.ab.ca'" <mike.huk@gov.ab.ca>, "'mmbr@dynegy.com'" 
<mmbr@dynegy.com>, "'mmce@dynegy.com'" <mmce@dynegy.com>, 
"'mnyberg@energy.state.ca.us'" <mnyberg@energy.state.ca.us>, 
"'mtbrommer@tid.org'" <mtbrommer@tid.org>, "'napedersen@jonesday.com'" 
<napedersen@jonesday.com>, "'nmcvay@socalgas.com'" <nmcvay@socalgas.com>, 
"'pat_mulhern@oxy.com'" <pat_mulhern@oxy.com>, "'paulamirault@aec.ca'" 
<paulamirault@aec.ca>, "'pbray@newpower.com'" <pbray@newpower.com>, 
"'pcervin@br-inc.com'" <pcervin@br-inc.com>, "'pete.frost@usa.conoco.com'" 
<pete.frost@usa.conoco.com>, "'peter.saunders@paramountres.com'" 
<peter.saunders@paramountres.com>, "'phil@royl.com'" <phil@royl.com>, 
"'pinney@capp.ca'" <pinney@capp.ca>, "'pkeeler@br-inc.com'" 
<pkeeler@br-inc.com>, "'plg@cpuc.ca.gov'" <plg@cpuc.ca.gov>, 
"'prescorw@bp.com'" <prescorw@bp.com>, "'randy_richards@powerspring.com'" 
<randy_richards@powerspring.com>, "'raveen_maan@city.palo-alto.ca.us'" 
<raveen_maan@city.palo-alto.ca.us>, "'rbetonte@socalgas.com'" 
<rbetonte@socalgas.com>, "'rcrowley@coral-energy.com'" 
<rcrowley@coral-energy.com>, "'redavis@sempra.com'" <redavis@sempra.com>, 
"'reson@venocoinc.com'" <reson@venocoinc.com>, "'rishikawa@socalgas.com'" 
<rishikawa@socalgas.com>, "'rliebert@cfbf.com'" <rliebert@cfbf.com>, 
"'rmp@cpuc.ca.gov'" <rmp@cpuc.ca.gov>, "'rnagatani@venocoinc.com'" 
<rnagatani@venocoinc.com>, "'robert.ricobene@exeloncorp.com'" 
<robert.ricobene@exeloncorp.com>, "'robertacohan@aol.com'" 
<robertacohan@aol.com>, "'rochmanm@cubjpa.org'" <rochmanm@cubjpa.org>, 
"'rochmanm@spurr.org'" <rochmanm@spurr.org>, "'rocky_rasley@oxy.com'" 
<rocky_rasley@oxy.com>, "'ron_oechsler@rmiinc.com'" 
<ron_oechsler@rmiinc.com>, "'rosst@nertec.com'" <rosst@nertec.com>, 
"'rpurves@sdge.com'" <rpurves@sdge.com>, "'rroth@sempra-slns.com'" 
<rroth@sempra-slns.com>, "Yoo, Salle" <salleyoo@dwt.com>, "Yoo, Salle" 
<salleyoo@dwt.com>, "'sandra_mcdonough@pcp.ca'" <sandra_mcdonough@pcp.ca>, 
"'scohn@smud.org'" <scohn@smud.org>, "'slins@ci.glendale.ca.us'" 
<slins@ci.glendale.ca.us>, "'sross@state.nm.us'" <sross@state.nm.us>, 
"'sslavigne@duke-energy.com'" <sslavigne@duke-energy.com>, 
"'steve.huhman@mirant.com'" <steve.huhman@mirant.com>, 
"'steve_ponder@fpl.com'" <steve_ponder@fpl.com>, "'sturner2@newpower.com'" 
<sturner2@newpower.com>, "'susan.scott@enron.com'" <susan.scott@enron.com>, 
"'swatson@socalgas.com'" <swatson@socalgas.com>, "'tdickers@westerngas.com'" 
<tdickers@westerngas.com>, "'tlewis@titanenergy.com'" 
<tlewis@titanenergy.com>, "'tlr@capoil.com'" <tlr@capoil.com>, 
"'tobi_rogers@vintagetul.com'" <tobi_rogers@vintagetul.com>, 
"'tomb@crossborderenergy.com'" <tomb@crossborderenergy.com>, 
"'tpeterso@energy.state.ca.us'" <tpeterso@energy.state.ca.us>, 
"'tsurak@socalgas.com'" <tsurak@socalgas.com>, "'vaughn.white2@williams.com'" 
<vaughn.white2@williams.com>, "'vhconsult@earthlink.net'" 
<vhconsult@earthlink.net>, "'wgmanuel@tid.org'" <wgmanuel@tid.org>, 
"'wng@fpl.com'" <wng@fpl.com>, "'worthycg@bp.com'" <worthycg@bp.com>, 
"'yukon95813@aol.com'" <yukon95813@aol.com>, "'zaiontj@bp.com'" 
<zaiontj@bp.com>, "'abb@eslawfirm.com'" <abb@eslawfirm.com>, 
"'agoldberg@lgl.twc.com'" <agoldberg@lgl.twc.com>, 
"'alan_reid@pancanadian.ca'" <alan_reid@pancanadian.ca>, 
"'alfredo.huertas@enron.com'" <alfredo.huertas@enron.com>, 
"'andy.bettwy@swgas.com'" <andy.bettwy@swgas.com>, "'ascott@sdge.com'" 
<ascott@sdge.com>, "'atrowbridge@dbsr.com'" <atrowbridge@dbsr.com>, 
"'bburns@caiso.com'" <bburns@caiso.com>, "'bdahncke@pcenergy.com'" 
<bdahncke@pcenergy.com>, "'benledene@aec.ca'" <benledene@aec.ca>, 
"'bfolsom@avistacorp.com'" <bfolsom@avistacorp.com>, "'bgaillar@enron.com'" 
<bgaillar@enron.com>, "'bjeider@ci.burbank.ca.us'" 
<bjeider@ci.burbank.ca.us>, "'bmcc@mccarthylaw.com'" <bmcc@mccarthylaw.com>, 
"'bpedersen@igservice.com'" <bpedersen@igservice.com>, "'bradb@calpine.com'" 
<bradb@calpine.com>, "'btheaker@caiso.com'" <btheaker@caiso.com>, 
"'candjenterprises@home.com'" <candjenterprises@home.com>, 
"'cdoering@reconcorp.com'" <cdoering@reconcorp.com>, "'chilen@llgm.com'" 
<chilen@llgm.com>, "'chj@aelaw.com'" <chj@aelaw.com>, 
"'chris.king@utility.com'" <chris.king@utility.com>, "'clower@earthlink.net'" 
<clower@earthlink.net>, "'cmkehrein@ems-ca.com'" <cmkehrein@ems-ca.com>, 
"'cottlli@sf.whitecase.com'" <cottlli@sf.whitecase.com>, "'cushnice@sce.com'" 
<cushnice@sce.com>, "'cyowell@ziagroup.com'" <cyowell@ziagroup.com>, 
"'dalbers@avistacorp.com'" <dalbers@avistacorp.com>, 
"'david.bayless@utility.com'" <david.bayless@utility.com>, 
"'difellman@earthlink.net'" <difellman@earthlink.net>, "'dlevine@caiso.com'" 
<dlevine@caiso.com>, "'douglass@arterhadden.com'" <douglass@arterhadden.com>, 
"'dwswapp@duke-energy.com'" <dwswapp@duke-energy.com>, 
"'ecrem@ix.netcom.com'" <ecrem@ix.netcom.com>, "'edf@cpuc.ca.gov'" 
<edf@cpuc.ca.gov>, "'eklinkner@ci.pasadena.ca.us'" 
<eklinkner@ci.pasadena.ca.us>, "'ewo@jmbm.com'" <ewo@jmbm.com>, 
"'fergusonm@epenergy.com'" <fergusonm@epenergy.com>, 
"'fogelmanm@steefel.com'" <fogelmanm@steefel.com>, 
"'furutanj@efawest.navfac.navy.mil'" <furutanj@efawest.navfac.navy.mil>, 
"'ghinners@reliantenergy.com'" <ghinners@reliantenergy.com>, 
"'gnstillwagon@tid.org'" <gnstillwagon@tid.org>, 
"'gpickering@idahopower.com'" <gpickering@idahopower.com>, 
"'gtbl@dynegy.com'" <gtbl@dynegy.com>, "'gwright@sempra.com'" 
<gwright@sempra.com>, "'haorndorff@aeraenergy.com'" 
<haorndorff@aeraenergy.com>, "'hgleason@energyamerica.com'" 
<hgleason@energyamerica.com>, "'iep@iepa.com'" <iep@iepa.com>, 
"'igsinc@ix.netcom.com'" <igsinc@ix.netcom.com>, "'inggm@sce.com'" 
<inggm@sce.com>, "'jaime.ramirez@swgas.com'" <jaime.ramirez@swgas.com>, 
"'jamesauld@aec.ca'" <jamesauld@aec.ca>, "'jbennett@gmssr.com'" 
<jbennett@gmssr.com>, "'jcattermole@pcenergy.com'" 
<jcattermole@pcenergy.com>, "'jharrigan@socalgas.com'" 
<jharrigan@socalgas.com>, "'jlinam@socalgas.com'" <jlinam@socalgas.com>, 
"'jmackay@unitedgas.com'" <jmackay@unitedgas.com>, "'jmct@gmssr.com'" 
<jmct@gmssr.com>, "'jond@qstr.com'" <jond@qstr.com>, "'joseh@lif.org'" 
<joseh@lif.org>, "'jpjordan@swidlaw.com'" <jpjordan@swidlaw.com>, 
"'jsqueri@gmssr.com'" <jsqueri@gmssr.com>, "'jsteffen@iid.com'" 
<jsteffen@iid.com>, "'jtachera@energy.state.ca.us'" 
<jtachera@energy.state.ca.us>, "'jurewijl@sce.com'" <jurewijl@sce.com>, 
"'jvaccaro@sdge.com'" <jvaccaro@sdge.com>, "'jyoung@igservice.com'" 
<jyoung@igservice.com>, "'kbhensman@aeraenergy.com'" 
<kbhensman@aeraenergy.com>, "'keith-sappenfield@reliantenergy.com'" 
<keith-sappenfield@reliantenergy.com>, "'kfyip@seiworldwide.com'" 
<kfyip@seiworldwide.com>, "'kirk.t.morgan@wgp.twc.com'" 
<kirk.t.morgan@wgp.twc.com>, "'kmills@cfbf.com'" <kmills@cfbf.com>, 
"'kpoole@adamsbroadwell.com'" <kpoole@adamsbroadwell.com>, 
"'kschellin@mtpower.com'" <kschellin@mtpower.com>, "'ljhubbard@sempra.com'" 
<ljhubbard@sempra.com>, "'lmh@eslawfirm.com'" <lmh@eslawfirm.com>, 
"'lynn.g.dahlberg@wgp.twc.com'" <lynn.g.dahlberg@wgp.twc.com>, 
"'mark.c.moench@wgp.twc.com'" <mark.c.moench@wgp.twc.com>, 
"'mcclintocke@epenergy.com'" <mcclintocke@epenergy.com>, 
"'michael-briggs@reliantenergy.com'" <michael-briggs@reliantenergy.com>, 
"'mjaske@energy.state.ca.us'" <mjaske@energy.state.ca.us>, "'mpa@aelaw.com'" 
<mpa@aelaw.com>, "'mpocino@rcgroup.com'" <mpocino@rcgroup.com>, 
"'mrokose@energyamerica.com'" <mrokose@energyamerica.com>, 
"'mtran@energy.state.ca.us'" <mtran@energy.state.ca.us>, "'nge@value.net'" 
<nge@value.net>, "'office@mccarthylaw.com'" <office@mccarthylaw.com>, 
"'oro@cpuc.ca.gov'" <oro@cpuc.ca.gov>, "'oshirock@pacbell.net'" 
<oshirock@pacbell.net>, "'paul.macavoy@yale.edu'" <paul.macavoy@yale.edu>, 
"'phanschen@mofo.com'" <phanschen@mofo.com>, "'phildavies@aec.ca'" 
<phildavies@aec.ca>, "'pjpowerlaw@aol.com'" <pjpowerlaw@aol.com>, 
"'plg@cpuc.ca.gov'" <plg@cpuc.ca.gov>, "'pmoritzburke@cera.com'" 
<pmoritzburke@cera.com>, "'porterdk@sce.com'" <porterdk@sce.com>, 
"'pstohr@dbsr.com'" <pstohr@dbsr.com>, "'rbw@mrwassoc.com'" 
<rbw@mrwassoc.com>, "'rcooper@usg.com'" <rcooper@usg.com>, 
"'rczahar@aol.com'" <rczahar@aol.com>, "'regaffairs@sf.whitecase.com'" 
<regaffairs@sf.whitecase.com>, "'rfoss@coral-energy.com'" 
<rfoss@coral-energy.com>, "'rgloistein@orrick.com'" <rgloistein@orrick.com>, 
"'rhc@mrwassoc.com'" <rhc@mrwassoc.com>, "'richard.jordan@swgas.com'" 
<richard.jordan@swgas.com>, "'rick.counihan@greenmountain.com'" 
<rick.counihan@greenmountain.com>, "'rmccann@cal.net'" <rmccann@cal.net>, 
"'robertg@greenlining.org'" <robertg@greenlining.org>, 
"'roger_tisdale@oxy.com'" <roger_tisdale@oxy.com>, "'ronknecht@aol.com'" 
<ronknecht@aol.com>, "'rpetti@ladwp.com'" <rpetti@ladwp.com>, 
"'rshively@enerdynamics.com'" <rshively@enerdynamics.com>, 
"'rtask@reliantenergy.com'" <rtask@reliantenergy.com>, "'scarter@nrdc.org'" 
<scarter@nrdc.org>, "'sedgar@socalgas.com'" <sedgar@socalgas.com>, 
"'simonsen@rmi.net'" <simonsen@rmi.net>, "'skatz@sempratrading.com'" 
<skatz@sempratrading.com>, "'smcfadden@igservice.com'" 
<smcfadden@igservice.com>, "'sneiman483@aol.com'" <sneiman483@aol.com>, 
"'spb1@cwclaw.com'" <spb1@cwclaw.com>, "'stomashe@energy.state.ca.us'" 
<stomashe@energy.state.ca.us>, "'stringham@capp.ca'" <stringham@capp.ca>, 
"'tgary@pcenergy.com'" <tgary@pcenergy.com>, "'thamilto@enron.com'" 
<thamilto@enron.com>, "'thompson@wrightlaw.com'" <thompson@wrightlaw.com>, 
"'toca@utility-savings.com'" <toca@utility-savings.com>, 
"'tom.roth@et.pge.com'" <tom.roth@et.pge.com>, "'tsolberg@spurr.org'" 
<tsolberg@spurr.org>, "'cab@cpuc.ca.gov'" <cab@cpuc.ca.gov>, "'gjb2@pge.com'" 
<gjb2@pge.com>, "'lcw4@pge.com'" <lcw4@pge.com>, "'rdw0@pge.com'" 
<rdw0@pge.com>, "'txb6@pge.com'" <txb6@pge.com>
		 cc: "How-Downing, Lindsey" <lindseyhowdowning@dwt.com>, "Nielsen, Barbara" 
<barbaranielsen@dwt.com>
		 Subject: Calpine Protest in CPUC Proceeding A.01-06-020


To all with email addresses circulated by David Anderson of PG&E in his
email of June 19 at 9:56 a.m. in this proceeding, attached is an Acrobat
version of:

PROTEST OF CALPINE CORPORATION
TO APPLICATION FILED BY PACIFIC GAS AND ELECTRIC COMPANY

filed today.  The paper version being served by first-class mail has full
letterhead and signatures.

 <<Calpine Protest 062001.PDF>>



Barbara L. Nielsen
Paralegal
Davis Wright Tremaine LLP
One Embarcadero Center, Suite 600
San Francisco, California  94111-3611
415-276-6553 direct - 415-276-6500 office-wide
415-276-4853 direct facsimile - 415-276-6599 office-wide facsimile
barbaranielsen@dwt.com















 - Calpine Protest 062001.PDF