Message-ID: <21254496.1075842785142.JavaMail.evans@thyme>
Date: Mon, 16 Apr 2001 13:53:00 -0700 (PDT)
From: jtatum@genescosports.com
To: fvehon@dillonserv.com, wreynolds@reynco.com, wwiles@lehman.com, 
	bill.payne@csfb.com, wsnyder@saylid.com, 
	wick.alexander@morgankeegan.com, wayne.mccullough@agedwards.com, 
	wwilley@trammellcrow.com, vic@aspenadvisors.com, 
	veronica_gaytan@hotmail.com, vaughn@henrysmiller.com, 
	wood3@flash.net, wood2@flash.net, tlaros@mindspring.com, 
	todd.henderson@jer.com, tsanders@saapp.com, tharbo@hotmail.com, 
	tharbo@att.net, tmarron@bcwilliams.com, egregory@hplprnt.com, 
	steven.schneider@grubb-ellis.com, steve_sutcliffe@mhbt.com, 
	sbishop@gemdallas.com, atkindude@yahoo.com, sclark@bear.com, 
	stephlshepherd@hotmail.com, sjacobs1@gte.net, smitchell@airclic.com, 
	spettle@aris.com, shannon_mccaig@afcc.com, 
	ssherer@allegiancetitle.com, srodgers@firstworthing.com, 
	schmidt@schmidtlaw.com, sbrock@tobatcapital.com, 
	jrweinberg@dainrauscher.com, rmize@dlj.com, 
	vtna.rmayes@memo.volvo.com, robb_boudreaux@afcc.com, 
	rob.orr@oracle.com, rob_baker@richards.com, rcastleman@rmcrowe.com, 
	rrensi@mack-cali.com, rbarge@winstoncapital.com, racalacci@cbs.com, 
	rbaker@lpcnb.com, rexm@manasterlaw.com, rett@mayscompany.com, 
	rbrasch@mullen-co.com, rschmerbeck@yahoo.com, raprile@apwalsh.com, 
	philip@leontinelinens.com, peter.mckenzie@eds.com, p-niles@msn.com, 
	pwood@studley.com, plancaster@efoholdings.com, paulfwestu@aol.com, 
	paulk@intervisions.com, paulk@intervisions.net, 
	pharmon@henrysmiller.com, patrickd@dillonserv.com, occ@bivio.com, 
	npeller@clarify.com, nbpetty@aol.com, nsimonieg@teleteam.net, 
	mccabe_murray@jpmorgan.com, monte_calvert@transwestern.net, 
	mmcgill@dlj.com, mjackson@wynnejackson.com, 
	mike.tapp@energyspectrum.com, mike@rgmmgmt.com, 
	mcculloughm@tklaw.com, michelle_bond@neimanmarcus.com, 
	michaelh@emagrath.com, msilliman@cei-crescent.com, mmccu@swbell.net, 
	michael.doherty@nextjet.com, mcooper@heritage-title.com, 
	michael.caffey@am.joneslanglasalle.com, 
	mblase@proptaxconsultants.com, wrlucy1126@aol.com, 
	mccord.wilson@nextjet.com, alicorinv@aol.com, matt@officefinders.com, 
	mmccartin@brickyard.com, mjohn10367@aol.com, 
	matt_devine@standardandpoors.com, mattb@dillonserv.com, 
	mark_stevenson@dreamjob.com, weingarten_realty@weingarten.com, 
	kmv@vialaw.com, mstevenson@dreamjob.com, mrobinson@pondrobinson.com, 
	nomad@cyberramp.net, mark_bevans@afcc.com, lee.orr@hillwood.com, 
	huntlw@c-b.com, ljones@scomaha.com, l4d1@aol.com, kim.folse@eds.com, 
	kerensaf@dmagazine.com, woodsj@hpisd.org, woodsj@hpisp.org, 
	judgem@dillonserv.com, jsblaylock@invescodallas.com, 
	jpowell@costargroup.com, jzogg@cei-crescent.com, 
	youngjoh@wharton.upenn.edu, vassallo@airmail.net, jrut65@hotmail.com, 
	johnposton@postonyoder.com, jlancaster@tigusa.com, 
	john@bvpartners.com, john.t.carlisle@db.com, jbrewer@robertlynn.com, 
	joetillotson@hotmail.com, jneuhoff@joseyoil.com, joem@flash.net, 
	jimneale@hotmail.com, jim@j2law.com, jwetsel@lamberts.net, 
	jpoe@pwpl.com, jdavis@gardere.com, jgrote@napdallas.com, 
	jdemeo@traumarecords.com, jbatjer@hfflp.com, jaylopez@esinetwork.com, 
	ndal3@pamort.com, jay@hartnettlawfirm.com, jay_beck@canadalifeus.com, 
	jayann@iesg.com, janet.ware@usa.alcatel.com, 
	james_esquivel@equityoffice.com, james_esquivel@equityoffice.com, 
	jack_wilkinson@pcit.com, jwilkinson@pcit.com, hughml@ncmi.com, 
	fosterh@tklaw.com, jhdiv@binswanger.com, heidil@dillonserv.com, 
	hsmith@mail.bokf.com, harry@hunsicker.org, gmiller@flash.net, 
	gwoodring@henrysmiller.com, greg.studer@texascapitalbank.com, 
	greg.goodnight@storageway.com, gbiggs@studley.com, 
	gerald.nemec@enron.com, creative.exteriors@gte.net, 
	greg.galbraith@agedwards.com, fkennedy@precisionimaging.com, 
	fred@hartnett.com, franksica@yahoo.com, fln.neve@bnsf.com, 
	ekennedy@regencyrealty.com, eric_anderson@tcnetwork.net, 
	eprieur@lpcommercial.com, edwin@holtdesigninc.com, eherring@hmtf.com, 
	ejhenry@abramsbank.com, drichardson@crouchfirm.com, 
	cozby.drew@epenergy.com, dtalley@hill-wilkinson.com, 
	jdrdallas@msn.com, dirk_vanslyke@richards.com, 
	anderson@hill-partners.com, dbarnes@trammellcrow.com, 
	atleticomarte_2000@yahoo.com, davidt@aurora-gas.com, 
	dthomas@regencyrealty.com, prattdavid@yahoo.com, dpratt@winstead.com, 
	dpettle@lpcommercial.com, dochs@pondrobinson.com, 
	davidnorman@mindspring.com, david@jordanredwood.com, 
	dshunt@petro-hunt.com, david33@blomand.net, 
	dglasscock@brookpartners.com, dgarner@charterescrow.com, 
	ddozier@reynco.com, dblanton@vortexpartners.com, 
	danf@fogartyklein.com, ddelp@swst.com, holcomb@ix.netcom.com, 
	currie@acsmith.com, craig.white@afcc.com, craig_taylor67@hotmail.com, 
	cneill2015@aol.com, clare_andros@bankone.com, cjackson@txuenergy.com, 
	pnutsings@aol.com, ckostman@hblco.com, csido@swearingen.com, 
	cpeterie@swinglecollins.com, chelling@aimtech.net, 
	charlesmann@snellingtexas.com, cnettle@gibgroup.com, 
	cewaggoner@aol.com, carleton_riser@hines.com, 
	rankin@chambers-interests.com, bcramer@ccwlaw.com, 
	playgolf@flash.net, bwhunt@petro-hunt.com, bridav@dallas.net, 
	brent.pogue@ppc-usa.com, bechtol.brent@epenergy.com, 
	bgidden@7-11.com, bpayne@dlj.com, drbobb@swbell.net, 
	bbuell@carramerica.com, bpurnell@theholtcompanies.com, 
	blair_oden@transwestern.net, bmiller@hfflp.com, bfenton@pdi.org, 
	bfenton@ntutbc.com, benton_rutledge@colliers.com, ben@huntprop.com, 
	bdoherty@crowholdings.com, bcarothers@mullen-co.com, 
	dbcarothers@mullen-co.com, bduphorne@usirealestate.com, 
	bbrown@hfflp.com, bart.french@ps.net, bcastleman@efoholdings.com, 
	happyone@airmail.net, aplaros@yahoo.com, anicoud@hcmlp.com, 
	akilgus@ctron.com, abillington@cottonwoodpartners.com, 
	alanw@dillonserv.com, apond@pondrobinson.com, alan.luther@att.net, 
	aimeewalsh@mindspring.com, ahowells@hfflp.com
Subject: RE: New Phone Number and e-mail address
Mime-Version: 1.0
Content-Type: text/plain; charset=us-ascii
Content-Transfer-Encoding: 7bit
X-From: "John Tatum" <jtatum@genescosports.com>
X-To: "fred" <fvehon@dillonserv.com>, "'wreynolds@reynco. com'" <wreynolds@reynco.com>, "'Worthy Wiles \(E-mail\) '" <wwiles@lehman.com>, "William G Payne" <bill.payne@csfb.com>, "Will Snyder" <wsnyder@saylid.com>, "Wick Alexander" <wick.alexander@morgankeegan.com>, "WAYNE MCCULLOUGH" <wayne.mccullough@agedwards.com>, "Warren Willey" <WWilley@trammellcrow.com>, "vic schmerbeck" <vic@aspenadvisors.com>, "'Veronica Gaytan \(E-mail\) '" <veronica_gaytan@hotmail.com>, "Vaughn Miller" <vaughn@henrysmiller.com>, "Tripp \(E-mail\)" <wood3@flash.net>, "Trip and Dana Wood" <wood2@flash.net>, "tom laros" <tlaros@mindspring.com>, "todd. henderson@jer. com" <todd.henderson@jer.com>, "'Todd Sanders'" <tsanders@saapp.com>, "Todd Harbison \(E-mail\)" <tharbo@hotmail.com>, "Todd Harbison \(E-mail\)" <tharbo@att.net>, "'Tim Marron'" <tmarron@bcwilliams.com>, "Ted Gregory" <egregory@hplprnt.com>, "Steven M Schneider" <Steven.Schneider@Grubb-Ellis.com>, "steve_sutcliffe@mhbt. com" <steve_sutcliffe@mhbt.com>, "'Steve Bishop'" <sbishop@gemdallas.com>, "Steve Atkinson \(E-mail\)" <atkindude@yahoo.com>, "'Stephen Clark'" <sclark@bear.com>, "'Stephanie Shepherd \(E-mail\) '" <stephlshepherd@hotmail.com>, "Stephanie Jacobs" <Sjacobs1@gte.net>, "smitchell@airclic. com" <smitchell@airclic.com>, "'Shannon Pettle'" <spettle@aris.com>, "Shannon McCaig \(E-mail\)" <Shannon_McCaig@afcc.com>, "Scott Sherer" <ssherer@allegiancetitle.com>, "'Scott Rodgers \(E-mail\) '" <SRodgers@FirstWorthing.com>, "schmidt@schmidtlaw. com" <schmidt@schmidtlaw.com>, "sbrock@tobatcapital. com" <sbrock@tobatcapital.com>, "Russell Weinberg" <JRWeinberg@DainRauscher.com>, "Roby Mize" <rmize@dlj.com>, "ROBERT MAYES" <VTNA.RMAYES@MEMO.VOLVO.COM>, "Robb Boudreaux" <Robb_Boudreaux@afcc.com>, "'Rob Orr \(E-mail\) '" <rob.orr@oracle.com>, "'Rob Baker \(E-mail\) '" <rob_baker@richards.com>, "Rives Castleman \(E-mail\)" <rcastleman@rmcrowe.com>, "'Rick Rensi'" <rrensi@mack-cali.com>, "richard barge" <rbarge@winstoncapital.com>, "Richard A Calacci" <racalacci@CBS.com>, "Rhodes Baker \(E-mail\)" <rbaker@lpcnb.com>, "'Rex'" <rexm@manasterlaw.com>, "Rett Corson" <rett@mayscompany.com>, "Reiner Brasch" <rbrasch@mullen-co.com>, "Rebecca Schmerbeck" <rschmerbeck@yahoo.com>, "raprile@apwalsh. com" <raprile@apwalsh.com>, "Philip Hodges" <philip@leontinelinens.com>, "'peter mckenzie'" <peter.mckenzie@eds.com>, "pete wilson" <p-niles@msn.com>, "Peery Wood" <pwood@studley.com>, "Payne Lancaster" <plancaster@efoholdings.com>, "Paul Stallings" <paulfwestu@aol.com>, "Paul Kimzey I." <paulk@intervisions.com>, "Paul Kimzey" <paulk@intervisions.net>, "Paul Harmon" <pharmon@henrysmiller.com>, "'Patrick Denney'" <patrickd@dillonserv.com>, "Oak Cliff Capital" <occ@bivio.com>, "'Ned Peller'" <npeller@clarify.com>, "'Nathan Petty \(E-mail\) '" <NBPetty@aol.com>, "Nancy Simonieg" <nsimonieg@teleteam.net>, "'Murray McCabe'" <mccabe_murray@jpmorgan.com>, "Monte_Calvert@transwestern. net" <Monte_Calvert@transwestern.net>, "MMcGill@dlj. com" <MMcGill@dlj.com>, "mjackson@wynnejackson. com" <mjackson@wynnejackson.com>, "Mike Tapp" <mike.tapp@energyspectrum.com>, "Mike Modano" <mike@rgmmgmt.com>, "Mike McCullough \(E-mail\) Sr." <McCulloughM@tklaw.com>, "Michelle_Bond@neimanmarcus. com" <Michelle_Bond@neimanmarcus.com>, "'michaelh@emagrath. com'" <michaelh@emagrath.com>, "'Michael Silliman'" <msilliman@cei-crescent.com>, "Michael McCullough" <mmccu@swbell.net>, "'Michael Doherty \(E-mail\) '" <michael.doherty@nextjet.com>, "'Michael Cooper'" <mcooper@heritage-title.com>, "Michael Caffey" <michael.caffey@am.joneslanglasalle.com>, "'Michael Blase'" <mblase@proptaxconsultants.com>, "'Melissa Watson \(E-mail 2\)'" <Wrlucy1126@aol.com>, "McCord Wilson" <mccord.wilson@nextjet.com>, "'Maury Purnell \(E-mail\) '" <alicorinv@aol.com>, "'Matt Perry-Miller'" <Matt@officefinders.com>, "'Matt McCartin'" <mmccartin@brickyard.com>, "matt johnston" <mjohn10367@aol.com>, "Matt Devine" <matt_devine@standardandpoors.com>, "'Matt Burton'" <mattb@dillonserv.com>, "Mark_Stevenson@dreamjob. com" <Mark_Stevenson@dreamjob.com>, "Mark Witcher" <Mark_W_Witcher%WEINGARTEN_REALTY@weingarten.com>, "'Mark Vincent'" <kmv@vialaw.com>, "Mark Stevenson \(E-mail\)" <mstevenson@dreamjob.com>, "Mark Robinson" <mrobinson@pondrobinson.com>, "'Mark Conner'" <nomad@cyberramp.net>, "'Mark Bevans'" <mark_bevans@afcc.com>, "Lee Orr" <lee.orr@hillwood.com>, "Laurie Hunt" <HuntLW@c-b.com>, "'Lance Jones \(E-mail\) '" <ljones@scomaha.com>, "L4D1@aol. com" <L4D1@aol.com>, "Kim Folse" <kim.folse@eds.com>, "Kerensa Fite" <kerensaf@dmagazine.com>, "'Julie Woods \(E-mail\) '" <woodsj@hpisd.org>, "Julie Woods \(E-mail\)" <woodsj@hpisp.org>, "'Judge McStay'" <judgem@dillonserv.com>, "jsblaylock@invescodallas. com" <jsblaylock@invescodallas.com>, "Jolie Powell \(TX\)" <JPowell@COSTARGROUP.com>, "John' 'Zogg" <jzogg@cei-crescent.com>, "'John Young'" <youngjoh@wharton.upenn.edu>, "John Vassallo" <vassallo@airmail.net>, "John Rutledge" <jrut65@hotmail.com>, "'John Poston \(E-mail\) '" <johnposton@postonyoder.com>, "John Lancaster" <jlancaster@tigusa.com>, "John Drossos" <john@bvpartners.com>, "John Carlisle" <john.t.carlisle@db.com>, "John Brewer" <jbrewer@robertlynn.com>, "Joe Tillotson \(E-mail\)" <joetillotson@hotmail.com>, "Joe Neuhoff" <jneuhoff@joseyoil.com>, "Joe Merritt" <joem@flash.net>, "Jim Neale \(E-mail\)" <jimneale@hotmail.com>, "Jim Lancaster" <jim@j2law.com>, "Jess Wetsel \(E-mail\)" <jwetsel@lamberts.net>, "Jerry Poe" <jpoe@pwpl.com>, "JEFF DAVIS" <jdavis@gardere.com>, "'Jeb Grote'" <jgrote@napdallas.com>, "jdemeo@traumarecords. com" <jdemeo@traumarecords.com>, "jbatjer@hfflp. com" <jbatjer@hfflp.com>, "Jay Lopez" <jaylopez@esinetwork.com>, "Jay Kirby" <NDAL3@pamort.com>, "'Jay Hartnett'" <jay@hartnettlawfirm.com>, "'Jay Beck'" <jay_beck@canadalifeus.com>, "'Jay Annand \(E-mail\) '" <jayann@IESG.com>, "Janet Ware" <Janet.Ware@usa.alcatel.com>, "James_Esquivel@equityoffice. com" <James_Esquivel@equityoffice.com>, "'James Esquivel \(E-mail\) '" <james_esquivel@equityoffice.com>, "Jack_Wilkinson@PCIT. com" <Jack_Wilkinson@PCIT.com>, "Jack Wilkinson" <jwilkinson@PCIT.com>, "Hugh Lynch" <hughml@ncmi.com>, "Holt Foster \(E-mail\)" <fosterh@tklaw.com>, "holmes davis" <JHDIV@binswanger.com>, "Heidi Lutrick" <heidil@dillonserv.com>, "'Harry Smith'" <hsmith@mail.bokf.com>, "Harry Hunsicker Jr." <harry@hunsicker.org>, "Gregory L Miller" <gmiller@flash.net>, "Greg Woodring" <gwoodring@henrysmiller.com>, "Greg Studer" <greg.studer@texascapitalbank.com>, "Greg Goodnight" <greg.goodnight@storageway.com>, "'Greg Biggs'" <gbiggs@studley.com>, "'gerald. nemec@enron. com'" <gerald.nemec@enron.com>, "'Gary Will'" <creative.exteriors@gte.net>, "Galbraith Greg CFP" <greg.galbraith@agedwards.com>, "Fred Kennedy \(E-mail\)" <fkennedy@precisionimaging.com>, "'Fred Hartnett'" <Fred@Hartnett.com>, "'Frank Sica'" <franksica@yahoo.com>, "Fln Neve \(E-mail\)" <fln.neve@bnsf.com>, "Ernie Kennedy \(E-mail\)" <ekennedy@regencyrealty.com>, "eric anderson" <Eric_Anderson@TCNETWORK.net>, "'Elliot'" <eprieur@lpcommercial.com>, "edwin@holtdesigninc. com" <edwin@holtdesigninc.com>, "Edward Herring \(E-mail\)" <eherring@hmtf.com>, "'Ed Henry'" <ejhenry@abramsbank.com>, "drichardson@crouchfirm. com" <drichardson@crouchfirm.com>, "Drew Cozby" <Cozby.Drew@EPEnergy.com>, "Doug Talley" <dtalley@hill-wilkinson.com>, "Doug Roach" <jdrdallas@msn.com>, "Dirk Van Slyke" <dirk_vanslyke@richards.com>, "'Dick Anderson'" <anderson@hill-partners.com>, "dennis barnes" <dbarnes@trammellcrow.com>, "David White \(E-mail\)" <atleticomarte_2000@yahoo.com>, "David Turner" <davidt@aurora-gas.com>, "David Thomas" <DThomas@regencyrealty.com>, "'David Pratt \(E-mail\) '" <prattdavid@yahoo.com>, "David Pratt \(E-mail\)" <dpratt@winstead.com>, "'David Pettle'" <dpettle@lpcommercial.com>, "David Ochs" <dochs@pondrobinson.com>, "'David Norman'" <davidnorman@mindspring.com>, "'David Jordan'" <david@jordanredwood.com>, "David Hunt" <DSHUNT@petro-hunt.com>, "David Hudgins" <david33@blomand.net>, "David Glasscock" <DGlasscock@BROOKPARTNERS.com>, "David Garner" <dgarner@charterescrow.com>, "David Dozier" <ddozier@reynco.com>, "Darren Blanton \(E-mail\)" <dblanton@vortexpartners.com>, "Dan Fogarty" <danf@fogartyklein.com>, "Dan Delp \(E-mail\)" <ddelp@swst.com>, "Curt Holcomb" <holcomb@ix.netcom.com>, "Currie Smith" <currie@acsmith.com>, "'craig. white@afcc. com'" <craig.white@afcc.com>, "Craig Taylor" <craig_taylor67@hotmail.com>, "cneill2015@aol. com" <cneill2015@aol.com>, "Clare Andros" <clare_andros@bankone.com>, "cjackson@txuenergy. com" <cjackson@txuenergy.com>, "Cindy Alexander" <pnutsings@aol.com>, "Cincha Kostman" <Ckostman@hblco.com>, "Christopher Sido" <csido@swearingen.com>, "Chris Peterie \(E-mail\)" <cpeterie@swinglecollins.com>, "Chris Helling \(E-mail\)" <chelling@aimtech.net>, "'CharlesMann@SnellingTexas. com'" <CharlesMann@SnellingTexas.com>, "cecil \"dog\" nettle" <cnettle@gibgroup.com>, "'Caroline Waggoner \(E-mail\) '" <CEWaggoner@aol.com>, "Carleton Riser" <carleton_riser@hines.com>, "C. Rankin Hobbs" <rankin@chambers-interests.com>, "Buddy Crammer \(E-mail\)" <bcramer@ccwlaw.com>, "bruce nelson" <playgolf@flash.net>, "bruce hunt" <bwhunt@petro-hunt.com>, "Brian Davis" <bridav@dallas.net>, "'brent. pogue@ppc-usa. com'" <brent.pogue@ppc-usa.com>, "Brent Bechtol" <Bechtol.Brent@EPEnergy.com>, "Brady Giddens" <bgidden@7-11.com>, "BPayne@dlj. com" <BPayne@dlj.com>, "bob schoenvoegel" <drbobb@swbell.net>, "Bob Buell" <bbuell@carramerica.com>, "'Blake Purnell \(E-mail\) '" <bpurnell@theholtcompanies.com>, "'Blair Oden'" <blair_oden@transwestern.net>, "Bill Miller \(E-mail\)" <bmiller@hfflp.com>, "bfenton@pdi. org" <bfenton@pdi.org>, "Beth Fenton" <bfenton@ntutbc.com>, "Benton Rutledge \(E-mail\)" <benton_rutledge@colliers.com>, "'Ben Hummel'" <ben@huntprop.com>, "Ben Doherty" <BDoherty@CrowHoldings.com>, "'Beall Carothers \(E-mail\) '" <bcarothers@mullen-co.com>, "Beall Carothers" <dbcarothers@mullen-co.com>, "bduphorne@usirealestate. com" <bduphorne@usirealestate.com>, "bbrown@hfflp. com" <bbrown@hfflp.com>, "Bart French" <bart.french@ps.net>, "Ballard Castleman \(E-mail\)" <bcastleman@efoholdings.com>, "'Anna Gonzalez \(E-mail 2\)'" <happyone@airmail.net>, "Angelo Laros \(E-mail\)" <aplaros@yahoo.com>, "Amy Nicoud" <ANicoud@hcmlp.com>, "Alphie Kilgus" <akilgus@ctron.com>, "Alicia Billington" <ABillington@cottonwoodpartners.com>, "Alan Wood" <alanw@dillonserv.com>, "Alan Pond" <apond@pondrobinson.com>, "Alan Luther \(E-mail\)" <alan.luther@att.net>, "'Aimee Walsh \(E-mail\) '" <aimeewalsh@mindspring.com>, "ahowells@hfflp. com" <ahowells@hfflp.com>
X-cc: 
X-bcc: 
X-Folder: \Gerald_Nemec_Dec2000_June2001_2\Notes Folders\All documents
X-Origin: NEMEC-G
X-FileName: gnemec.nsf

He's working out and gone from "Big Pappa" to "Medium Pappa" to "Petite
Pappa" -- he's got him a beautiful lady friend and now he's just plain
"Studly".  Pappa - I'm just happy to say I knew you before you became a
celebrity.

Uncle Jack



-----Original Message-----
From: fred [mailto:fvehon@dillonserv.com]
Sent: Friday, April 06, 2001 3:54 PM
To: 'wreynolds@reynco. com'; 'Worthy Wiles (E-mail) '; William G Payne;
Will Snyder; Wick Alexander; WAYNE MCCULLOUGH; Warren Willey; vic
schmerbeck; 'Veronica Gaytan (E-mail) '; Vaughn Miller; Tripp (E-mail);
Trip and Dana Wood; tom laros; todd. henderson@jer. com; 'Todd Sanders';
Todd Harbison (E-mail); Todd Harbison (E-mail); 'Tim Marron'; Ted
Gregory; Steven M Schneider; steve_sutcliffe@mhbt. com; 'Steve Bishop';
Steve Atkinson (E-mail); 'Stephen Clark'; 'Stephanie Shepherd (E-mail)
'; Stephanie Jacobs; smitchell@airclic. com; 'Shannon Pettle'; Shannon
McCaig (E-mail); Scott Sherer; 'Scott Rodgers (E-mail) ';
schmidt@schmidtlaw. com; sbrock@tobatcapital. com; Russell Weinberg;
Roby Mize; ROBERT MAYES; Robb Boudreaux; 'Rob Orr (E-mail) '; 'Rob Baker
(E-mail) '; Rives Castleman (E-mail); 'Rick Rensi'; richard barge;
Richard A Calacci; Rhodes Baker (E-mail); 'Rex'; Rett Corson; Reiner
Brasch; Rebecca Schmerbeck; raprile@apwalsh. com; Philip Hodges; 'peter
mckenzie'; pete wilson; Peery Wood; Payne Lancaster; Paul Stallings;
Paul Kimzey I.; Paul Kimzey; Paul Harmon; 'Patrick Denney'; Oak Cliff
Capital; 'Ned Peller'; 'Nathan Petty (E-mail) '; Nancy Simonieg; 'Murray
McCabe'; Monte_Calvert@transwestern. net; MMcGill@dlj. com;
mjackson@wynnejackson. com; Mike Tapp; Mike Modano; Mike McCullough
(E-mail) Sr.; Michelle_Bond@neimanmarcus. com; 'michaelh@emagrath. com';
'Michael Silliman'; Michael McCullough; 'Michael Doherty (E-mail) ';
'Michael Cooper'; Michael Caffey; 'Michael Blase'; 'Melissa Watson
(E-mail 2)'; McCord Wilson; 'Maury Purnell (E-mail) '; 'Matt
Perry-Miller'; 'Matt McCartin'; matt johnston; Matt Devine; 'Matt
Burton'; Mark_Stevenson@dreamjob. com; Mark Witcher; 'Mark Vincent';
Mark Stevenson (E-mail); Mark Robinson; 'Mark Conner'; 'Mark Bevans';
Lee Orr; Laurie Hunt; 'Lance Jones (E-mail) '; L4D1@aol. com; Kim Folse;
Kerensa Fite; 'Julie Woods (E-mail) '; Julie Woods (E-mail); 'Judge
McStay'; jtatum@genescosports. com; jsblaylock@invescodallas. com; Jolie
Powell (TX); John' 'Zogg; 'John Young'; John Vassallo; John Rutledge;
'John Poston (E-mail) '; John Lancaster; John Drossos; John Carlisle;
John Brewer; Joe Tillotson (E-mail); Joe Neuhoff; Joe Merritt; Jim Neale
(E-mail); Jim Lancaster; Jess Wetsel (E-mail); Jerry Poe; JEFF DAVIS;
'Jeb Grote'; jdemeo@traumarecords. com; jbatjer@hfflp. com; Jay Lopez;
Jay Kirby; 'Jay Hartnett'; 'Jay Beck'; 'Jay Annand (E-mail) '; Janet
Ware; James_Esquivel@equityoffice. com; 'James Esquivel (E-mail) ';
Jack_Wilkinson@PCIT. com; Jack Wilkinson; Hugh Lynch; Holt Foster
(E-mail); holmes davis; Heidi Lutrick; 'Harry Smith'; Harry Hunsicker
Jr.; Gregory L Miller; Greg Woodring; Greg Studer; Greg Goodnight; 'Greg
Biggs'; 'gerald. nemec@enron. com'; 'Gary Will'; Galbraith Greg CFP;
Fred Kennedy (E-mail); 'Fred Hartnett'; 'Frank Sica'; Fln Neve (E-mail);
Ernie Kennedy (E-mail); eric anderson; 'Elliot'; edwin@holtdesigninc.
com; Edward Herring (E-mail); 'Ed Henry'; drichardson@crouchfirm. com;
Drew Cozby; Doug Talley; Doug Roach; Dirk Van Slyke; 'Dick Anderson';
dennis barnes; David White (E-mail); David Turner; David Thomas; 'David
Pratt (E-mail) '; David Pratt (E-mail); 'David Pettle'; David Ochs;
'David Norman'; 'David Jordan'; David Hunt; David Hudgins; David
Glasscock; David Garner; David Dozier; Darren Blanton (E-mail); Dan
Fogarty; Dan Delp (E-mail); Curt Holcomb; Currie Smith; 'craig.
white@afcc. com'; Craig Taylor; cneill2015@aol. com; Clare Andros;
cjackson@txuenergy. com; Cindy Alexander; Cincha Kostman; Christopher
Sido; Chris Peterie (E-mail); Chris Helling (E-mail);
'CharlesMann@SnellingTexas. com'; cecil "dog" nettle; 'Caroline Waggoner
(E-mail) '; Carleton Riser; C. Rankin Hobbs; Buddy Crammer (E-mail);
bruce nelson; bruce hunt; Brian Davis; 'brent. pogue@ppc-usa. com';
Brent Bechtol; Brady Giddens; BPayne@dlj. com; bob schoenvoegel; Bob
Buell; 'Blake Purnell (E-mail) '; 'Blair Oden'; Bill Miller (E-mail);
bfenton@pdi. org; Beth Fenton; Benton Rutledge (E-mail); 'Ben Hummel';
Ben Doherty; 'Beall Carothers (E-mail) '; Beall Carothers;
bduphorne@usirealestate. com; bbrown@hfflp. com; Bart French; Ballard
Castleman (E-mail); 'Anna Gonzalez (E-mail 2)'; Angelo Laros (E-mail);
Amy Nicoud; Alphie Kilgus; Alicia Billington; Alan Wood; Alan Pond; Alan
Luther (E-mail); 'Aimee Walsh (E-mail) '; ahowells@hfflp. com
Subject: New Phone Number and e-mail address


Please note as of Monday April 9, 2001 you may reach me at the following
number:
( 972 ) 739-2200
New e-mail address will be fvehon@studley.com

E-mail should be up and running by mid-week.
Please call me on my cell phone if you have any questions:
( 214 ) 356-7573
Fred Vehon
