Message-ID: <12150291.1075862020814.JavaMail.evans@thyme>
Date: Tue, 20 Nov 2001 11:48:48 -0800 (PST)
From: majors.caldwell@caminus.com
To: dugas'.'alex@enron.com, lee'.'allbritton@enron.com, tina'.'andrews@enron.com, 
	lucas'.'anya@enron.com, trip'.'barden@enron.com, 
	shannon'.'bardwell@enron.com, laura'.'barnett@enron.com, 
	work <'.'barnett@enron.com>, jlh <'.'beach@enron.com>, 
	scott'.'beecher@enron.com, chase'.'belew@enron.com, 
	chase'.'belew@enron.com, blake'.'benton@enron.com, 
	britt'.'benton@enron.com, elaine'.'benton@enron.com, 
	gina'.'benton@enron.com, leslie'.'biggs@enron.com, 
	stewart'.'black@enron.com, cindy'.'blair@enron.com, 
	rocc <'.'blake@enron.com>, caroline'.'blitzer@enron.com, 
	eric'.'blossman@enron.com, greg'.'bon@enron.com, 
	carrie'.'boswell@enron.com, beau'.'box@enron.com, 
	lisa'.'box@enron.com, james'.'brady@enron.com, 
	bernard'.'branca@enron.com, bert.brehm@enron.com, 
	deanna'.'breland@enron.com, marcy'.'bunch@enron.com, 
	chris'.'byrd@enron.com, brent'.'caldwell@enron.com, 
	desha'.'caldwell@enron.com, school <'.'caldwell@enron.com>, 
	kent'.'caldwell@enron.com, majors'.'caldwell@enron.com, 
	jeff'.'cameron@enron.com, stevens'.'carol@enron.com, 
	nivens'.'carolyn@enron.com, ginger'.'carpenter@enron.com, 
	john'.'chapoton@enron.com, long'.'charles@enron.com, 
	e-mail <'.'charlie@enron.com>, 'chico'@enron.com, 
	greg'.'chitty@enron.com, drossos'.'christine@enron.com, 
	pierson'.'christopher@enron.com, jackson <'.'clements@enron.com>, 
	paul'.'cobb@enron.com, kevin'.'cochran@enron.com, 
	guy'.'cook@enron.com, michael'.'cook@enron.com, 
	kelly'.'coole@enron.com, annette'.'cotton@enron.com, 
	katherine'.'crabtree@enron.com, e-mail <'.'craig@enron.com>, 
	john'.'crumley@enron.com, paul'.'curtis@enron.com, 
	kellie'.'daniel@enron.com, james'.'darby@enron.com, 
	lance'.'dardis@enron.com, steve'.'darnall@enron.com, 
	houston <'.'david@enron.com>, angele'.'davis@enron.com, 
	kristin'.'delahoussaye@enron.com, dickson'.'devaun@enron.com, 
	stephanie'.'donham@enron.com, jason'.'downie@enron.com, 
	philips'.'dudley@enron.com, robin'.'dunlap@enron.com, 
	courtney'.'durant@enron.com, chris'.'dyer@enron.com, 
	chris'.'ensley@enron.com, kim'.'farr@enron.com, 
	carlos'.'finalet@enron.com, jlh <'.'flato@enron.com>, 
	phoebe'.'fleming@enron.com, fowler'.'fritz@enron.com, 
	gary'.'fritzhand@enron.com, jill'.'garrison@enron.com, 
	r'.'geisen@enron.com, ball'.'giles@enron.com, 
	home <'.'gillum@enron.com>, dine'.'glasgow@enron.com, 
	margie'.'glasgow@enron.com, jane'.'glasscock@enron.com, 
	paul'.'goldstein@enron.com, barbin'.'graham@enron.com, 
	jay'.'graham@enron.com, mike.grigsby@enron.com, 
	ford'.'gunter@enron.com, jeff'.'habetz@enron.com, 
	steve'.'habetz@enron.com, ball'.'hagle@enron.com, 
	ann'.'hardcastle@enron.com, michael'.'hardison@enron.com, 
	work <'.'hayes@enron.com>, home <'.'hebert@enron.com>, 
	work <'.'hebert@enron.com>, rogers'.'herndon@enron.com, 
	carolyn'.'hodges@enron.com, ted'.'hodges@enron.com, 
	sara'.'holbert@enron.com, wendy'.'hooper@enron.com, 
	courtney'.'hutcheson@enron.com, curtis'.'hutcheson@enron.com, 
	amy'.'ingram@enron.com, jlh <'.'jackson@enron.com>, 
	sparks'.'jamie@enron.com, poche'.'jeffrey@enron.com, 
	glidden'.'john@enron.com, miriam'.'juban@enron.com, 
	rose'.'karen@enron.com, john'.'kinchen@enron.com, 
	audrey'.'king@enron.com, elizabeth'.'kirby@enron.com, 
	joe'.'knauth@enron.com, brady'.'knight@enron.com, 
	work <'.'knight@enron.com>, david.koogler@enron.com, 
	heather'.'koogler@enron.com, brian'.'kronenberger@enron.com, 
	pope'.'kyle@enron.com, kevin'.'labban@enron.com, 
	mike'.'lasseigne@enron.com, tina'.'lewis@enron.com, 
	judy'.'little@enron.com, cooper'.'manning@enron.com, 
	sharlene'.'marks@enron.com, mark'.'massey@enron.com, 
	susan'.'maxwell@enron.com, ball'.'mcclellan@enron.com, 
	lsu <'.'mcjunkins@enron.com>, clare'.'mcleroy@enron.com, 
	mike'.'meiss@enron.com, peter'.'meyer@enron.com, 
	e-mail <'.'michael@enron.com>, hassenboehler'.'mireille@enron.com, 
	roopa'.'misra@enron.com, katherine'.'moore@enron.com, 
	jlh <'.'morrell@enron.com>, jennifer'.'moses@enron.com, 
	misty'.'mote@enron.com, iris'.'munoz@enron.com, 
	richard'.'nevins@enron.com, john'.'neylon@enron.com, 
	sheila'.'neylon@enron.com, angela'.'nicholson@enron.com, 
	desha'.'norwood@enron.com, home <'.'nunnally@enron.com>, 
	work <'.'nunnally@enron.com>, pierce'.'owens@enron.com, 
	ronda'.'palermo@enron.com, 404 <'.'palermo@enron.com>, 
	chris'.'papousek@enron.com, andy'.'parker@enron.com, 
	marsha'.'parker@enron.com, walt'.'parmer@enron.com, 
	cummings'.'pat@enron.com, leslie'.'payne@enron.com, 
	home <'.'pemberton@enron.com>, work <'.'pemberton@enron.com>, 
	alton'.'perry@enron.com, thayer'.'phelan@enron.com, 
	chris'.'phillips@enron.com, home <'.'picou@enron.com>, 
	work <'.'picou@enron.com>, jill'.'poth@enron.com, 
	jean-paul'.'purdy@enron.com, eric'.'reed@enron.com, 
	jill'.'reilly@enron.com, kelli'.'rester@enron.com, 
	james'.'rice@enron.com, kim'.'riser@enron.com, 
	alfred'.'robinson@enron.com, margaret'.'sanders@enron.com, 
	holbert'.'sara@enron.com, mk'.'sauer@enron.com, 
	suzanne'.'schexnailder@enron.com, christian'.'schutz@enron.com, 
	geogia'.'scobee@enron.com, alford'.'scott@enron.com, 
	stanton'.'scott@enron.com, kellie'.'shannon@enron.com, 
	e-mail <'.'shelley@enron.com>, charlie'.'sides@enron.com, 
	marc'.'siemer@enron.com, david'.'slye@enron.com, 
	george'.'sofis@enron.com, kendall'.'sole@enron.com, 
	carolyn'.'spaht@enron.com, jlh <'.'spiller@enron.com>, 
	john'.'stafford@enron.com, aaron'.'stanley@enron.com, 
	bobby'.'stanton@enron.com, lawrence'.'stephen@enron.com, 
	elmer'.'steve@enron.com, home <'.'stewart@enron.com>, 
	work <'.'stewart@enron.com>, ball'.'surles@enron.com, 
	jennifer'.'swank@enron.com, reh'.'taddy@enron.com, 
	jennifer'.'tellepsen@enron.com, chris'.'thomason@enron.com, 
	e-mail <'.'tommy@enron.com>, guidry'.'turner@enron.com, 
	fred'.'tuthill@enron.com, sarah'.'underwood@enron.com, 
	george'.'varino@enron.com, jenn'.'walker@enron.com, 
	julie'.'walters@enron.com, tessa'.'ward@enron.com, 
	matt'.'webb@enron.com, lynn'.'weber@enron.com, 
	joel'.'wetzel@enron.com, jana'.'wickham@enron.com, 
	liz'.'williamson@enron.com, david'.'winkler@enron.com, 
	altra <'.'wolfe@enron.com>, sha'.'wooling@enron.com, 
	pemberton'.'wyatt@enron.com, harvey'.'zinn@enron.com, 
	jeff'.'zinn@enron.com, e-mail <.alexandra@enron.com>, 
	e-mail <.annette@enron.com>, e-mail <.barbin@enron.com>, 
	e-mail <.bill@enron.com>, e-mail <.bill@enron.com>, 
	e-mail <.blake@enron.com>, e-mail <.brent@enron.com>, 
	e-mail <.caroline@enron.com>, e-mail <.charlotte@enron.com>, 
	e-mail <.chris@enron.com>, e-mail <.christi@enron.com>, 
	david.koogler@enron.com, e-mail <.desha@enron.com>, 
	e-mail <.desha@enron.com>, e-mail <.desha@enron.com>, 
	leslie.biggs@enron.com, courtney.durant@enron.com, 
	hebert.jason@enron.com, reilly.jill@enron.com, 
	hilliard.nicole@enron.com, kristin.delahoussaye@enron.com, 
	amy.johns@enron.com, atwan.ahmad@enron.com, wilson.bec@enron.com, 
	bucy.bill@enron.com, hajdik.chris@enron.com, 
	e-mail <.dana@enron.com>, blanton.darren@enron.com, 
	e-mail <.greg@enron.com>, e-mail <.james@enron.com>, 
	kott.kristin@enron.com, e-mail <.leslie@enron.com>, 
	christenson.rob@enron.com, rodriguez.shelley@enron.com, 
	biggs.tom@enron.com, fowler.fritz@enron.com, anderson.mike@enron.com, 
	angela.nicholson@enron.com, gillum.ronda@enron.com, 
	schexnailder.suzanne@enron.com, shannon.bardwell@enron.com, 
	jeff.zinn@enron.com, leslie.lawhon@enron.com
Subject: Email Address Change
Mime-Version: 1.0
Content-Type: text/plain; charset=us-ascii
Content-Transfer-Encoding: 7bit
X-From: Majors Caldwell <Majors.Caldwell@caminus.com>
X-To: 'Alex Dugas' <alexdugas13@hotmail.com>, 'Allbritton, Lee' <allbritton@clausman.com>, 'Allen, Kimberly (Tea Room)' <allenk@ms.com>, 'Andrews, Tina' <tina_andrews@mpcds.com>, 'Anya Lucas' <ALucas@ttla.com>, 'Barden, Trip' <tbarden@blissnet.com>, 'Bardwell, Shannon' <sbardwell90212@yahoo.com>, 'Barnett, Laura' <laura_barnett@aimfunds.com>, 'Barnett, Paige (Tea Room)' <paigebarnett@yahoo.com>, 'Barnett, Paige (work)' <pbarnett@steelcase.com>, 'Beach, Dawn (JLH)' <dawn.beach@bowne.com>, 'Beecher, Scott' <BBird67@aol.com>, 'Belew, Chase' <chasebelew@hotmail.com>, 'Belew, Chase' <cbelew@e-steel.com>, 'Benton, Blake' <blkbenton@aol.com>, 'Benton, Britt' <bbenton@crosswellproperties.com>, 'Benton, Elaine' <laineyben@aol.com>, 'Benton, Gina' <ginavb@neosoft.com>, 'Berryman, Kathleen (Tea Room)' <kberryman@scmplaw.com>, 'Biggs, Leslie' <lbiggs@informatica.com>, 'Bilsky, Kim (Tea Room)' <kim-bilsky@agc.com>, 'Black, Stewart' <sblack@tcast.com>, 'Blair, Cindy' <cindyblair@hotmail.com>, 'Blake, Thomas (ROCC)' <TBlake76@aol.com>, 'Blitzer, Caroline' <cblitzer@velaw.com>, 'Blossman, Eric' <Eric.Blossman@us.coflexip.com>, 'Bon, Greg' <gregbon@att.net>, 'Book, Christie (Tea Room)' <bookc@kornferry.com>, 'Boswell, Carrie' <carrieboswell@yahoo.com>, 'Box, Beau' <beaubox@latterblum.com>, 'Box, Lisa' <lisa.l.box@us.pwcglobal.com>, 'Brady, James' <jmbrady@leggmason.com>, 'Branca, Bernard' <bernard.branca@ljmelody.com>, Brehm, Bert <bert.brehm@caminus.com>, 'Breland, Deanna' <deanna.breland@abnamro.com>, 'Brown, Catherine (Tea Room)' <catherine.l.brown@arthurandersen.com>, 'Bunch, Marcy' <Grinchmaster@hotmail.com>, 'Byrd, Chris' <cbbyrd@prodigy.net>, 'Caldwell, Brent' <CaldwellB@ehsbr.org>, 'Caldwell, deSha' <decalnbr@hotmail.com>, 'Caldwell, deSha (School)' <DCALDWEL@houstonisd.org>, 'Caldwell, Kent' <Ekcal@Home.com>, 'Caldwell, Majors' <majorsntx@yahoo.com>, 'Cameron, Jeff' <jcameron@velaw.com>, 'Campbell, Courtney (Tea Room)' <ccampbell@shears-companies.com>, 'Carol Ann Stevens' <CTSBLS@swbell.com>, 'Carolyn Nivens' <cnivens@crtlaw.com>, 'Carpenter, Ginger' <glcarpen@youngbloodmail.alief.isd.tenet.edu>, 'Chapoton, John' <jchapoton@cdzc.com>, 'Charles E. Long' <chaslong@swbell.net>, 'Charlie Dickey (E-mail)' <wmchuckd@hotmail.com>, 'Chico' <korth_fritz@jpmorgan.com>, 'Chitty, Greg' <chittyg@n2services.com>, 'Christine Drossos' <christine@bvpartners.com>, 'Christopher Pierson' <piersonchristopher@excite.com>, 'Clements, Becky (Jackson)' <becky_clements@bgent.com>, 'Cobb, Paul' <paul_cobb@nai.com>, 'Cochran, Kevin' <wkcochran@hotmail.com>, 'Cook, Guy' <gcook@superiorenergy.com>, 'Cook, Michael' <michael.cook@ey.com>, 'Coole, Kelly' <coolecourt@hotmail.com>, 'Cotton, Annette' <acotton@gardere.com>, 'Crabtree, Katherine' <jablade@earthlink.net>, 'Craig Taylor (E-mail)' <craig_taylor67@hotmail.com>, 'Crumley, John' <jcrumley@pcenergy.com>, 'Curtis Hutcheson [Curtis.Hutcheson@COMPAQ.com] (E-mail)', 'Daily, Paul' <pdaily@bindview.com>, 'Daniel, Kellie' <kkdaniel@bsf.net>, 'Darby, James' <jdarby@tnsk.com>, 'Dardis, Lance' <ldardis@wolfglobal.com>, 'Darnall, Steve' <sdarnall@fuller-realty.com>, 'David Dillow (Houston)' <David.Dillow@worldtravel.com>, 'Davis, Angele' <addavi@yahoo.com>, 'Dees, Debbie (Tea Room)' <djdpink@hotmail.com>, 'Delahoussaye, Kristin' <kristindela@hotmail.com>, 'Denison, Lori (Tea Room)' <pdeniso@azurix.com>, 'DeVaun  Dickson' <ddickson@ipm-software.net>, 'Donham, Stephanie' <sdonham@starkcapital.com>, 'Downie, Jason' <jdownie@hmtf.com>, 'Dryselius, Hillary (Tea Room)' <hdryselius@pcenergy.com>, 'Dudley Anne Philips' <Dudley.A.Philips@uth.tmc.edu>, 'Dunlap, Robin' <rdunlap@aol.com>, 'Durant, Courtney' <courtneyd@hubenterprises.com>, 'Dyer, Chris' <dyer_chris@yahoo.com>, 'Egan, Heather (Tea Room)' <egan@swbell.com>, 'Ensley, Chris' <censley@cysive.com>, 'Farr, Kim' <kfarr1@yahoo.com>, 'Finalet, Carlos' <cfinalet@labp.com>, 'Flato, Dorothy (JLH)' <dflato@usphysicaltherapy.com>, 'Fleming, Phoebe' <pfleming@denus.jnj.com>, 'Fritz Fowler' <fowler3772@earthlink.net>, 'Fritzhand, Gary' <gfritzh@ghg.net>, 'Garrison, Jill' <JGarrison@HFBE.COM>, 'Geisen, Kenneth R' <Kenneth.Geisen@PSS.Boeing.com>, 'Giles, Mandy - Charity Ball' <mandyg@hern.org>, 'Gillum, Ronda (home)' <ronda_gillum@yahoo.com>, 'Glasgow, Dine' <dglasgow@theridgegroup.com>, 'Glasgow, Margie' <mglasgow@theridgegroup.com>, 'Glasscock, Mary Jane' <mglassc@azurix.com>, 'Goldstein, Paul' <pherbertg@aol.com>, 'Graham, Barbin' <barbin5@home.com>, 'Graham, Jay' <hwljay@aol.com>, Grigsby, Mike </O=ENRON/OU=NA/CN=RECIPIENTS/CN=MGRIGSB>, 'Gunter, Ford' <fjord1976@yahoo.com>, 'Habetz, Jeff' <jeff.habetz@weatherford.com>, 'Habetz, Steve' <srhabetz@texaschildrenshospital.org>, 'Hagle, Mary Scott - Charity Ball' <maryscotth@alleytheatre.com>, 'Hardcastle, Carol Ann' <cahardcastle@hotmail.com>, 'Hardison, Michael' <mrhardisonjr@leggmason.com>, 'Hayes, Joyce (Tea Room)' <williemays@netzero.net>, 'Hayes, Joyce (work)' <joyce.a.hayes1@jsc.nasa.gov>, 'Hebert, Jason (home)' <jason_s_hebert@yahoo.com>, 'Hebert, Jason (Work)' <jhebert@intergen.com>, 'Herndon, Rogers' <drherndon@aol.com>, 'Hodges, Carolyn' <lasaterhodges@pdq.net>, 'Hodges, Ted' <thodges@velaw.com>, 'Holbert, Sara' <holbertsara@lycos.com>, 'Hooper, Wendy' <hooper_wendy@hotmail.com>, 'Hutcheson, Courtney' <courtney@hutchesons.net>, 'Hutcheson, Curtis' <curtis.hutcheson@compaq.com>, 'Ingram, Amy' <aingram@spdpharma.com>, 'Jackson, Jennifer (JLH)' <jenmorrjax@aol.com>, 'Jamie Sparks' <jsparks@jw.com>, 'JEFFREY POCHE' <triciapoche@email.msn.com>, 'Jennifer.Donnelly@bowne.com', 'Jennings, Webb' <webb.jennings@enron.com>, 'John Glidden' <j.glidden@pentasafe.com>, 'John.Neslage@enron.com', 'Johns, Amy' <tjohns@airmail.net>, 'Juban, Miriam' <jubanrest@aol.com>, 'Karen & Tom Rose' <ktrose@texas.net>, 'Kinchen, John' <John.kinchen@usdoj.gov>, 'King, Audrey' <audreyk@morganpersonette.com>, 'King, Beth (Tea Room)' <bking@coral-energy.com>, 'Kirby, Elizabeth' <glkirby@mindspring.com>, 'Knauth, Joe' <joseph_b_knauth@reliantenergy.com>, 'Knight, Brady' <bradyguard@aol.com>, 'Knight, Brady (Work)' <bknight@comkauf.com>, Koogler, David </O=ENRON/OU=NA/CN=RECIPIENTS/CN=DKOOGLER>, 'Koogler, Heather' <darienk@flash.net>, 'Kronenberger, Brian' <beakee@earthlink.net>, 'Krueger, Lisa (Tea Room)' <lkrueger@immigration-visas.com>, 'Kyle Pope' <kylepope@msdsonline.com>, 'Labban, Kevin' <kevin.labban@ac.com>, 'Lasseigne, Mike' <mlasseigne@sbcglobal.net>, 'Lewis, Tina' <tina@coylewis.com>, 'Little, Judy' <scottiel99@aol.com>, 'Manning, Cooper' <cmanning@seismicexhange.com>, 'Marks, Sharlene' <SMarks@SMMG-Law.Com>, 'Marshall, Annie (Tea Room)' <annie_marshall@hotmail.com>, 'Massey, Mark' <longhornmark@hotmail.com>, 'Maxwell, Susan' <bsmaxwell@home.com>, 'McClellan, Lynne - Charity Ball' <mcclellan@ev1.net>, 'McJunkins, Amy (LSU)' <amy.mcjunkins@luminant.com>, 'McLeroy, Clare' <claremcleroy@aol.com>, 'Meiss, Mike' <mmeiss@btmny.com>, 'Meyer, Peter' <peter_meyer@ml.com>, 'Michael Anderson (E-mail)' <mick_3504@yahoo.com>, 'Mireille A Hassenboehler' <mireillemimi@compuserve.com>, 'Misra, Roopa' <RMisra@excelergy.com>, 'Moore, Katherine' <kmoore@mayerbrown.com>, 'Morrell, Liz (JLH)' <elizabethherring@pzlqs.com>, 'Moses, Jennifer' <JMoses@swbanktx.com>, 'Mote, Misty' <misty.mote@gte.net>, 'Munoz, Iris' <imunoz@btmny.com>, 'Neuenschwander, Christi (Tea Room)' <cneuen@swbell.net>, 'Nevins, Richard' <rnevins@chapman-schewe.com>, 'Neylon, John' <john.neylon@oracle.com>, 'Neylon, Sheila' <sheila.garland@oracle.com>, 'Nicholson, Angela' <Angela.igo@chron.com>, 'Norwood, deSha' <Norwood1113@cs.com>, 'Nunnally, Laurie (home)' <larunner31@aol.com>, 'Nunnally, Laurie (work)' <laurie_b_nunnally@bankone.com>, 'Owens, Pierce' <owensp@epenergy.com>, 'Palermo, Ronda' <Ronda@thepalermos.net>, 'Palermo, Ronda (404)' <Ronda.Palermo@rhimr.com>, 'Papousek, Chris' <cpapousek@txuenergy.com>, 'Parker, Andy' <Anderson_parker@yahoo.com>, 'Parker, Marsha' <MarshaAParker@compuserve.com>, 'Parmer, Walt' <wparmer@cysive.com>, 'Pat Cummings' <pecummings@sprintmail.com>, 'patinj@kochind.com', 'Payne, Jason' <jasonspayne@gateway.net>, 'Payne, Leslie' <lpayne@houcrt.com>, 'Pedrick, Debbie (Tea Room)' <dpedri@coair.com>, 'Pemberton, Dave (home)' <dpembert@flash.net>, 'Pemberton, Dave (work)' <dpemberton@theridgegroup.com>, 'Perry, Alton' <perryar@stoneenergy.com>, 'Phelan, Thayer' <tsphelan@earthlink.net>, 'Phillips, Chris' <chrisp@texlaenergy.com>, 'Picou, Meredith (home)' <meredithpicou@mindspring.com>, 'Picou, Meredith (work)' <MPicou@longuevue.com>, 'Poth, Jill' <jlpoth@texaschildrenshospital.org>, 'Purdy, Jean-Paul' <jpurdy@scotiabank.com>, 'Reed, Eric' <ereed66@earthlink.net>, 'Reilly, Jill' <jreilly_7@yahoo.com>, 'Reiter, Susie (Tea Room)' <sreiter910@aol.com>, 'Rester, Kelli' <kellilynne@msn.com>, 'Rice, James' <jcrrice@swbell.net>, 'Riser, Kim' <kim.riser@intusurg.com>, 'Robinson, Alfred' <ahriv@aol.com>, 'Sanders, Margaret' <msanders@sunriseco.com>, 'Sara Holbert' <sara_holbert@hotmail.com>, 'Sauer, MK' <mksauer@home.com>, 'Schexnailder, Suzanne' <suzschex@yahoo.com>, 'Schutz, Christian' <cschutz@kpmg.com>, 'Scobee, Geogia' <scobeeg@ehsbr.org>, 'Scott Alford' <alford@fcj.com>, 'Scott, Stanton' <stantonscott@pdq.net>, 'Selesky, Lori (Junior League)' <hautechaka@lycos.com>, 'Shannon, Kellie' <Kellie.Shannon@compuware.com>, 'Shelley Tarkington (E-mail)' <Shelley.Tarkington@rsli.com>, 'Sides, Charlie' <csidesgsa@yahoo.com>, 'Siemer, Marc' <msiemer@Cinergy.com>, 'Slye, David' <davidslye@yahoo.com>, 'Sofis, George' <georgesofis@hotmail.com>, 'Sole, Kendall' <k-sole@prodigy.net>, 'Spaht, Carolyn' <carolyn.spaht@bridgespangroup.org>, 'Spiller, Kim (JLH)' <kimberley.d.spiller@ac.com>, 'Stafford, John' <staffojt@ucarb.com>, 'Stallings, Kristen (Tea Room)' <kristen.stalling@ex.com>, 'Stanley, Aaron' <astanley@dainrauscher.com>, 'Stanton, Bobby' <rlstanton@ev1.net>, 'Stephen Lawrence' <SLawrence@olf.com>, 'Steve Elmer' <stephen.r.elmer@intel.com>, 'Stewart, Kim (Home)' <kimbstew@aol.com>, 'Stewart, Kim (work)' <kstewart@amedisys.com>, 'Surles, Carol - Charity Ball' <RLSCWS@aol.com>, 'Swango, Jackie (Tea Room)' <jackie_swango@tfcomp.com>, 'Swank, Jennifer' <jennifer.l.swank@us.arthurandersen.com>, 'Taddy Reh' <taddyreh@yahoo.com>, 'Tellepsen, Jennifer' <jennifer@tellepsen.com>, 'Thomason, Chris' <christhomason@bus.utexas.edu>, 'Tommy Jacomini (E-mail)' <tjacomini@sempratrading.com>, 'Traverso, Tacy (Miller Heiman)' <ttraverso@millerheiman.com>, 'Truan, Maria (Tea Room)' <miatruan@aol.com>, 'Turner Guidry' <tguidry@grove.net>, 'Tuthill, Fred' <ftuthill@winstead.com>, 'Underwood, Sarah' <Sunderwood@houston.rr.com>, 'Varino, George' <gvarinoiii@hotmail.com>, 'Wade, Kendall (Tea Room)' <kwade@winstead.com>, 'Walker, Jenn' <Jenwalker@dttus.com>, 'Walker, Joanna (Tea Room)' <jwalker@cooperscully.com>, 'Wall, Letitia (Tea Room)' <letitia_wall@tfcomp.com>, 'Walters, Julie' <dmwa54@umkc.edu>, 'Ward, Tessa' <tessward99@aol.com>, 'Webb, Matt' <Matt.Webb@EngageEnergy.Com>, 'Weber, Lynn' <Weber@mailhost.tcs.tulane.edu>, 'Wetzel, Joel' <joel@is-t.net>, 'Wickham, Jana' <Jlwickham@aol.com>, 'Williamson, Liz' <JELank1021@aol.com>, 'Winkler, David' <Winkkkk@aol.com>, 'Wolfe, Ellen (Altra)' <ellen@tca-us.com>, 'Wooling, Sha' <nyasha@mindspring.com>, 'Wyatt Pemberton' <wyatt.pemberton@redmeteor.com>, 'Zeller, Alison (Tea Room)' <allisonzeller@yahoo.com>, 'Zinn, Harvey' <ZinnH@snbtx.com>, 'Zinn, Jeff' <jeffzinn@latipac.com>, Alexandra Pruner (E-mail) <alexandra.pruner@idea.com>, Annette Cotton (E-mail) <acotton@gardere.com>, Barbin Graham (E-mail) <barbin5@home.com>, Bill Bourque (E-mail) <Bill.Bourque@PacifiCorp.com>, Bill From (E-mail) <william.from@pacificorp.com>, Blake Benton (E-mail) <blkbenton@aol.com>, Brent Caldwell (E-mail) <caldwellb@ehsbr.org>, Caroline Blitzer (E-mail) <cblitzer@velaw.com>, Charlotte Cook (E-mail) <charlottecook@yahoo.com>, Chris Phillips (E-mail) <chrisp@texlaenergy.com>, Christi Neuenschwandwe (E-mail) <neuen@rice.edu>, Koogler, David </O=ENRON/OU=NA/CN=RECIPIENTS/CN=DKOOGLER>, deSha Caldwell (E-mail) <decalnbr@hotmail.com>, deSha Caldwell (School) (E-mail) <DCALDWEL@houstonisd.org>, DeSha Norwood (E-mail) <Norwood1113@cs.com>, Neuenschwander, Christi (Tea Room) <cneuen@swbell.net>, Selesky, Lori (Junior League) <hautechaka@lycos.com>, Biggs, Leslie <lbiggs@pclient.ml.com>, Durant, Courtney <hubmarketing@juno.com>, Jason Hebert <JHebert@altra.com>, Jill Reilly <JReilly@Altra.com>, Nicole Hilliard <NHilliard@altra.com>, Delahoussaye, Kristin <kristindela@hotmail.com>, Johns, Amy <tjohns@airmail.net>, Ahmad Atwan <aatwan@Altra.com>, Bec Wilson <bec@altra.com>, Bill Bucy <bbucy@altra.com>, Chris Hajdik <CHajdik@Altra.com>, Dana L. Stevens (E-mail) <dana_l_stevens@reliantenergy.com>, Darren Blanton <dblanton@altra.com>, Greg Chitty (E-mail) <chittyg@n2services.com>, James McAnelly (E-mail) <jmcanelly@bracepatt.com>, Kristin Kott <KKott@Altra.com>, Leslie Payne (E-mail) <lpayne@crtlaw.com>, Rob Christenson <RChristenson@Altra.com>, Shelley Rodriguez <SRodriguez@altra.com>, Tom Biggs <TBiggs@Altra.com>, Fritz Fowler <fowler3772@earthlink.net>, Mike Anderson <MAnderson@altra.com>, Nicholson, Angela <Angela.igo@chron.com>, Ronda Gillum <RGillum@Altra.com>, Suzanne Schexnailder <SSchexnailder@Altra.com>, Bardwell, Shannon <sbardwell90212@yahoo.com>, Zinn, Jeff <latipac@aol.com>, Lawhon, Leslie <llawhon@pclient.ml.com>, Sanders, Margaret (Tea Room) <sanders@argohouston.com>
X-cc: 
X-bcc: 
X-Folder: \MGRIGSB (Non-Privileged)\Grigsby, Mike\Deleted Items
X-Origin: Grigsby-M
X-FileName: MGRIGSB (Non-Privileged).pst

Now that I work for Caminus Corporation, my email address has changed.  The
old address will work for atleast 6 more months, but you might as well
change it in your address book.

The new email is majors.caldwell@caminus.com.