Message-ID: <12180777.1075860370364.JavaMail.evans@thyme>
Date: Mon, 12 Mar 2001 03:29:00 -0800 (PST)
From: bernadette.hawkins@enron.com
To: alan.comnes@enron.com, andre.cangucu@enron.com, andrew.fastow@enron.com, 
	cbone@wyattfirm.com, ceklund@llgm.com, christian.yoder@enron.com, 
	christopher.calger@enron.com, cliff.baxter@enron.com, 
	dan.leff@enron.com, david.delainey@enron.com, donald.black@enron.com, 
	elizabeth.tilney@enron.com, eric.letke@enron.com, 
	gordon.savage@enron.com, greg.wolfe@enron.com, 
	harold.buchanan@enron.com, harry.kingerski@enron.com, 
	jklauber@llgm.com, james.steffes@enron.com, james.derrick@enron.com, 
	jeff.dasovich@enron.com, jennifer.rudolph@enron.com, 
	jeremy.blachman@enron.com, joe.hartsoe@enron.com, 
	john.lavorato@enron.com, karen.denne@enron.com, 
	keith.holst@enron.com, linda.robertson@enron.com, 
	mark.haedicke@enron.com, mark.koenig@enron.com, mark.metts@enron.com, 
	mark.palmer@enron.com, mark.muller@enron.com, marty.sunde@enron.com, 
	marty.sunde@enron.com, mary.hain@enron.com, michael.moran@enron.com, 
	michael.tribolet@enron.com, mike.smith@enron.com, 
	mike.grigsby@enron.com, mitchell.taylor@enron.com, 
	paul.kaufman@enron.com, phillip.allen@enron.com, 
	richard.sanders@enron.com, richard.causey@enron.com, 
	richard.shapiro@enron.com, rick.buy@enron.com, 
	robert.badeer@enron.com, robert.johnston@enron.com, 
	robert.williams@enron.com, roger.yang@enron.com, 
	sandra.mccubbin@enron.com, sarah.novosel@enron.com, 
	scott.stoness@enron.com, shari.stack@enron.com, 
	shelia.benke@enron.com, shelley.corman@enron.com, 
	stephen.swain@enron.com, steve.hall@enron.com, steven.kean@enron.com, 
	susan.mara@enron.com, thomas.white@enron.com, tim.belden@enron.com, 
	travis.mccullough@enron.com, vicki.sharp@enron.com, 
	wanda.curry@enron.com, william.bradford@enron.com
Subject: Memorandum from Julie Simon on FERC order on refunds from March 9
Cc: anna.mehrer@enron.com, bernadette.hawkins@enron.com, beverly.aden@enron.com, 
	binky.davidson@enron.com, bridget.maronge@enron.com, 
	carol.moffett@enron.com, cindy.derecskey@enron.com, 
	debra.davidson@enron.com, dolores.fisher@enron.com, 
	emy.geraldo@enron.com, esmeralda.hinojosa@enron.com, 
	ginger.dernehl@enron.com, jan.king@enron.com, 
	janette.elbertson@enron.com, joseph.alamo@enron.com, 
	karen.heathman@enron.com, kathryn.sheppard@enron.com, 
	kay.chapman@enron.com, kimberly.hillis@enron.com, 
	leasa.lopez@enron.com, leticia.botello@enron.com, 
	lora.sullivan@enron.com, lysa.akin@enron.com, 
	marcia.linton@enron.com, maureen.mcvicker@enron.com, 
	mercy.gil@enron.com, mollie.gustafson@enron.com, 
	paula.warren@enron.com, robert.hermann@enron.com, 
	rosalinda.tijerina@enron.com, rosario.boling@enron.com, 
	rubena.buerger@enron.com, ruth.brown@enron.com, ruth.mann@enron.com, 
	sharon.purswell@enron.com, sharron.westbrook@enron.com, 
	stephanie.harris@enron.com, stephanie.truss@enron.com, 
	susan.skarness@enron.com, twanda.sweet@enron.com, 
	vscruggs@wyattfirm.com
Mime-Version: 1.0
Content-Type: text/plain; charset=us-ascii
Content-Transfer-Encoding: 7bit
Bcc: anna.mehrer@enron.com, bernadette.hawkins@enron.com, beverly.aden@enron.com, 
	binky.davidson@enron.com, bridget.maronge@enron.com, 
	carol.moffett@enron.com, cindy.derecskey@enron.com, 
	debra.davidson@enron.com, dolores.fisher@enron.com, 
	emy.geraldo@enron.com, esmeralda.hinojosa@enron.com, 
	ginger.dernehl@enron.com, jan.king@enron.com, 
	janette.elbertson@enron.com, joseph.alamo@enron.com, 
	karen.heathman@enron.com, kathryn.sheppard@enron.com, 
	kay.chapman@enron.com, kimberly.hillis@enron.com, 
	leasa.lopez@enron.com, leticia.botello@enron.com, 
	lora.sullivan@enron.com, lysa.akin@enron.com, 
	marcia.linton@enron.com, maureen.mcvicker@enron.com, 
	mercy.gil@enron.com, mollie.gustafson@enron.com, 
	paula.warren@enron.com, robert.hermann@enron.com, 
	rosalinda.tijerina@enron.com, rosario.boling@enron.com, 
	rubena.buerger@enron.com, ruth.brown@enron.com, ruth.mann@enron.com, 
	sharon.purswell@enron.com, sharron.westbrook@enron.com, 
	stephanie.harris@enron.com, stephanie.truss@enron.com, 
	susan.skarness@enron.com, twanda.sweet@enron.com, 
	vscruggs@wyattfirm.com
X-From: Bernadette Hawkins
X-To: Alan Comnes, Andre Cangucu, Andrew S Fastow, cbone@wyattfirm.com, ceklund@llgm.com, Christian Yoder, Christopher F Calger, Cliff Baxter, Dan Leff, David W Delainey, Donald M- ECT Origination Black, Elizabeth Tilney, Eric Letke, Gordon Savage, Greg Wolfe, Harold G Buchanan, Harry Kingerski, jklauber@llgm.com, James D Steffes, James Derrick, Jeff Dasovich, Jennifer Rudolph, Jeremy Blachman, Joe Hartsoe, John J Lavorato, Karen Denne, Keith Holst, Linda Robertson, Karen S Owens@ees, Mark E Haedicke, Mark Koenig, Mark Metts, Mark Palmer, Mark S Muller, Marty Sunde, Marty Sunde, Mary Hain, Michael Moran, Michael Tribolet, Mike D Smith, Mike Grigsby, Mitchell Taylor, Paul Kaufman, Phillip K Allen, Richard B Sanders, Richard Causey, Richard Shapiro, Rick Buy, Robert Badeer, Robert Johnston, Robert C Williams, Roger Yang, Sandra McCubbin, Sarah Novosel, Scott Stoness, Shari Stack, Shelia Benke, Shelley Corman, Stephen Swain, Steve C Hall, Steven J Kean, Susan J Mara, Thomas E White, Tim Belden, Travis McCullough, Vicki Sharp, Wanda Curry, William S Bradford
X-cc: Anna Mehrer, Bernadette Hawkins, Beverly Aden, Binky Davidson, Bridget Maronge, Carol Moffett, Cindy Derecskey, Debra Davidson, Dolores Fisher, Emy Geraldo, Esmeralda Hinojosa, Ginger Dernehl, Jan M King, Janette Elbertson, Joseph Alamo, Karen K Heathman, Kathryn Sheppard, Kay Chapman, Kimberly Hillis, Leasa Lopez, Leticia Botello, Lora Sullivan, Lysa Akin, Marcia A Linton, Maureen McVicker, Mercy Gil, Mollie Gustafson, Paula Warren, Robert Hermann, Rosalinda Tijerina, Rosario Boling, Rubena Buerger, Ruth Ann Brown, Ruth Mann, Sharon Purswell, Sharron Westbrook, Stephanie Harris, Stephanie Truss, Susan Skarness, Twanda Sweet, vscruggs@wyattfirm.com
X-bcc: 
X-Folder: \Mary_Hain_Aug2000_Jul2001\Notes Folders\All documents
X-Origin: Hain-M
X-FileName: mary-hain.nsf

FYI
----- Forwarded by Bernadette Hawkins/Corp/Enron on 03/12/2001 12:24 PM -----

	Joe Hartsoe
	03/12/2001 12:18 PM
		 
		 To: Bernadette Hawkins/Corp/Enron@ENRON, Linda Robertson/NA/Enron@ENRON
		 cc: 
		 Subject: Memorandum from Julie Simon on FERC order on refunds from March 9

B-dette -- Please forward to the California group.  Thanks Joe
----- Forwarded by Joe Hartsoe/Corp/Enron on 03/12/2001 11:16 AM -----

	"Sharp, Judy" <SharpJ@dsmo.com>
	03/12/2001 10:56 AM
		 
		 To: "'jabbott@entrix.com'" <jabbott@entrix.com>, "'gackerman@wptf.org'" 
<gackerman@wptf.org>, "'MPA@aelaw.com'" <MPA@aelaw.com>, 
"'tanderson@lighthouse-energy.com'" <tanderson@lighthouse-energy.com>, 
"'dapplebaum@sithe.com'" <dapplebaum@sithe.com>, 
"'Brad.Ashton@coastalcorp.com'" <Brad.Ashton@coastalcorp.com>, 
"'mayres@lighthouse-energy.com'" <mayres@lighthouse-energy.com>, 
"'sarah.barishstraus@pseg.com'" <sarah.barishstraus@pseg.com>, 
"'jbarnett@coral-energy.com'" <jbarnett@coral-energy.com>, 
"'sarah.barpoulis@neg.pge.com'" <sarah.barpoulis@neg.pge.com>, 
"'lebarrett@duke-energy.com'" <lebarrett@duke-energy.com>, 
"'Michael.Barrett04@Ey.com'" <Michael.Barrett04@Ey.com>, 
"'mbennett@epsa.org'" <mbennett@epsa.org>, "'joe.bizzano@nrgenergy.com'" 
<joe.bizzano@nrgenergy.com>, "'Frayblay@aol.com'" <Frayblay@aol.com>, 
"'bruce_i_bleiweis@reliantenergy.com'" <bruce_i_bleiweis@reliantenergy.com>, 
"'mboyd@duke-energy.com'" <mboyd@duke-energy.com>, 
"'marv.bradshaw@dynegy.com'" <marv.bradshaw@dynegy.com>, 
"'michael-briggs@reliantenergy.com'" <michael-briggs@reliantenergy.com>, 
"'jfbrodbeck@pplweb.com'" <jfbrodbeck@pplweb.com>, "'gbrown@sithe.com'" 
<gbrown@sithe.com>, "'jef_brown@enron.com'" <jef_brown@enron.com>, 
"'rbrown@exeloncorp.com'" <rbrown@exeloncorp.com>, 
"'teresabrown@duke-energy.com'" <teresabrown@duke-energy.com>, 
"'jjb@vnf.com'" <jjb@vnf.com>, "'bbuchynsky@aol.com'" <bbuchynsky@aol.com>, 
"'rburke@pplglobal.com'" <rburke@pplglobal.com>, 
"'kent_burton@ogden-energy.com'" <kent_burton@ogden-energy.com>, 
"'sbyrd@epsa.org'" <sbyrd@epsa.org>, "'manuel.canalita@williams.com'" 
<manuel.canalita@williams.com>, "'cody.carter@williams.com'" 
<cody.carter@williams.com>, "'gchandler@edisonmission.com'" 
<gchandler@edisonmission.com>, "'achau@tractebelpowerinc.com'" 
<achau@tractebelpowerinc.com>, "'John.A.Cohen@BAKERNET.com'" 
<John.A.Cohen@BAKERNET.com>, "'bruce.a.connell@usa.conoco.com'" 
<bruce.a.connell@usa.conoco.com>, "'rick.counihan@greenmountain.com'" 
<rick.counihan@greenmountain.com>, "'jhunter3@cox.rr.com'" 
<jhunter3@cox.rr.com>, "'dlcr@dynegy.com'" <dlcr@dynegy.com>, 
"'jim.czepiel@ref-fuel.com'" <jim.czepiel@ref-fuel.com>, "'mapsa1@aol.com'" 
<mapsa1@aol.com>, "'priyad@calpine.com'" <priyad@calpine.com>, 
"'joe.devito@nrgenergy.com'" <joe.devito@nrgenergy.com>, 
"'jadillon@pplweb.com'" <jadillon@pplweb.com>, 
"'Terrie.Donahue@Williams.com'" <Terrie.Donahue@Williams.com>, 
"'jmdonnell@duke-energy.com'" <jmdonnell@duke-energy.com>, 
"'Mary.Doyle@dynegy.com'" <Mary.Doyle@dynegy.com>, "'mduggan@hess.com'" 
<mduggan@hess.com>, "'mdupre@entergy.com'" <mdupre@entergy.com>, "Eisenstat, 
Larry" <EisenstatL@dsmo.com>, "'dennis.elliott@williams.com'" 
<dennis.elliott@williams.com>, "'cte@eslawfirm.com'" <cte@eslawfirm.com>, 
"'peter.esposito@dynegy.com'" <peter.esposito@dynegy.com>, 
"'chip.estes@williams.com'" <chip.estes@williams.com>, "'gret@dynegy.com'" 
<gret@dynegy.com>, "'rfahey@mwgen.com'" <rfahey@mwgen.com>, 
"'diane.featherstone@powersrc.com'" <diane.featherstone@powersrc.com>, 
"'feldmanr@bingham.com'" <feldmanr@bingham.com>, 
"'zori_ferkin@deweyballantine.com'" <zori_ferkin@deweyballantine.com>, 
"'afontana@tenaska.com'" <afontana@tenaska.com>, "'mforeman@tnsk.com'" 
<mforeman@tnsk.com>, "'efriedlander@edisonmission.com'" 
<efriedlander@edisonmission.com>, "'pete.frost@usa.conoco.com'" 
<pete.frost@usa.conoco.com>, "'donna.fulton@enron.com'" 
<donna.fulton@enron.com>, "'jgallagher@epsa.org'" <jgallagher@epsa.org>, 
"'croach@bostonpacific.com'" <croach@bostonpacific.com>, 
"'peter.gaw@abnamro.com'" <peter.gaw@abnamro.com>, 
"'simon.r.gerlin@us.pwcglobal.com'" <simon.r.gerlin@us.pwcglobal.com>, 
"'LEALP@aol.com'" <LEALP@aol.com>, "'roger.m.gibian@bakernet.com'" 
<roger.m.gibian@bakernet.com>, "'mfgildea@duke-energy.com'" 
<mfgildea@duke-energy.com>, "'jimmyg@calpine.com'" <jimmyg@calpine.com>, 
"'agold@coral-energy.com'" <agold@coral-energy.com>, 
"'david.goodman@uaecorp.com'" <david.goodman@uaecorp.com>, 
"'alycial@calpine.com'" <alycial@calpine.com>, 
"'jonathan.w.gottlieb@bakernet.com'" <jonathan.w.gottlieb@bakernet.com>, 
"'kgough@calpine.com'" <kgough@calpine.com>, 
"'barry.green@ontariopowergeneration.com'" 
<barry.green@ontariopowergeneration.com>, "'steve.greene@neg.pge.com'" 
<steve.greene@neg.pge.com>, "'kerwin.grider@williams.com'" 
<kerwin.grider@williams.com>, "'Mike.Grim@Williams.com'" 
<Mike.Grim@Williams.com>, "'mary.hain@enron.com'" <mary.hain@enron.com>, 
"'Lynn.Hargis@chadbourne.com'" <Lynn.Hargis@chadbourne.com>, 
"'tharper@tnsk.com'" <tharper@tnsk.com>, "'jhartso@enron.com'" 
<jhartso@enron.com>, "'bhawkin@enron.com'" <bhawkin@enron.com>, 
"'Jack.Hawks@neg.pge.com'" <Jack.Hawks@neg.pge.com>, 
"'jolly.hayden@dynegy.com'" <jolly.hayden@dynegy.com>, 
"'james.hebson@pseg.com'" <james.hebson@pseg.com>, "'shelyer@tnsk.com'" 
<shelyer@tnsk.com>, "'steve.herman@neg.pge.com'" <steve.herman@neg.pge.com>, 
"'pamela.hill@mirant.com'" <pamela.hill@mirant.com>, 
"'tom.hoatson@enron.com'" <tom.hoatson@enron.com>, 
"'david.goodman@uaecorp.com'" <david.goodman@uaecorp.com>, 
"'steve.huntoon@dynegy.com'" <steve.huntoon@dynegy.com>, 
"'Villi.Iltchev@us.pwcglobal.com'" <Villi.Iltchev@us.pwcglobal.com>, 
"'rjanssen@bostonpacific.com'" <rjanssen@bostonpacific.com>, 
"'djohns@enstarenergy.com'" <djohns@enstarenergy.com>, 
"'Sami.Kabbani@ref-fuel.com'" <Sami.Kabbani@ref-fuel.com>, 
"'tom.kaslow@neg.pge.com'" <tom.kaslow@neg.pge.com>, "'akaufman@cpanj.com'" 
<akaufman@cpanj.com>, "'curtis_l_kebler@reliantenergy.com'" 
<curtis_l_kebler@reliantenergy.com>, "'Dennis.Keener@Williams.com'" 
<Dennis.Keener@Williams.com>, "'lealp@aol.com'" <lealp@aol.com>, 
"'steven@iepa.com'" <steven@iepa.com>, "'dan.king@dynegy.com'" 
<dan.king@dynegy.com>, "'garson.knapp@williams.com'" 
<garson.knapp@williams.com>, "'eileenk@calpine.com'" <eileenk@calpine.com>, 
"'samuel.kwong@williams.com'" <samuel.kwong@williams.com>, 
"'klackey@EdisonMission.Com'" <klackey@EdisonMission.Com>, 
"'joe.lane@abnamro.com'" <joe.lane@abnamro.com>, "'terry.lane@dynegy.com'" 
<terry.lane@dynegy.com>, "'laudienl@epenergy.com'" <laudienl@epenergy.com>, 
"'sslavigne@duke-energy.com'" <sslavigne@duke-energy.com>, 
"'melissa.lavinson@neg.pge.com'" <melissa.lavinson@neg.pge.com>, 
"'ilewis@epsa.org'" <ilewis@epsa.org>, "'tamara.linde@pseg.com'" 
<tamara.linde@pseg.com>, "'Kristen.Ludecke@pseg.com'" 
<Kristen.Ludecke@pseg.com>, "'alexm@calpine.com'" <alexm@calpine.com>, 
"'bill.marks@mirant.com'" <bill.marks@mirant.com>, "'jmartin@tenaska.com'" 
<jmartin@tenaska.com>, "'marzmj@bp.com'" <marzmj@bp.com>, 
"'gmathews@edisonmission.com'" <gmathews@edisonmission.com>, 
"'JMathis@edisonmission.com'" <JMathis@edisonmission.com>, 
"'rjmatlock@duke-energy.com'" <rjmatlock@duke-energy.com>, 
"'john.mcconomy@us.pwcglobal.com'" <john.mcconomy@us.pwcglobal.com>, 
"'bmerola@enron.com'" <bmerola@enron.com>, "'john-meyer@reliantenergy.com'" 
<john-meyer@reliantenergy.com>, "'jtmiller@thermoecotek.com'" 
<jtmiller@thermoecotek.com>, "'kimontag@dttus.com'" <kimontag@dttus.com>, 
"'ermooney@micron.net'" <ermooney@micron.net>, 
"'Robert.Moore@coastalcorp.com'" <Robert.Moore@coastalcorp.com>, 
"'Margaret.M.Morgan@us.pwcglobal.com'" <Margaret.M.Morgan@us.pwcglobal.com>, 
"'jane.mudgett@williams.com'" <jane.mudgett@williams.com>, 
"'ngmuller@aol.com'" <ngmuller@aol.com>, "'Tim.Muller@Williams.com'" 
<Tim.Muller@Williams.com>, "'KAM@eslawfirm.com'" <KAM@eslawfirm.com>, 
"'bnagusky@iepm.org'" <bnagusky@iepm.org>, "'rnaill@aesc.com'" 
<rnaill@aesc.com>, "'steven.naumann@exeloncorp.com'" 
<steven.naumann@exeloncorp.com>, "'judy.neason@williams.com'" 
<judy.neason@williams.com>, "'cneedham@edisonmission.com'" 
<cneedham@edisonmission.com>, "'netemeah@bp.com'" <netemeah@bp.com>, 
"'joel.newton@dynegy.com'" <joel.newton@dynegy.com>, 
"'christi.l.nicolay@enron.com'" <christi.l.nicolay@enron.com>, 
"'Mark.Niehaus@us.pwcglobal.com'" <Mark.Niehaus@us.pwcglobal.com>, 
"'sarah.novosel@enron.com'" <sarah.novosel@enron.com>, "'JOBrien@Sithe.com'" 
<JOBrien@Sithe.com>, "'robert.o'connell@williams.com'" 
<robert.o'connell@williams.com>, "'eodonnell@deweyballantine.com'" 
<eodonnell@deweyballantine.com>, "'oneill@greenmountain.com'" 
<oneill@greenmountain.com>, "'john_r_orr@reliantenergy.com'" 
<john_r_orr@reliantenergy.com>, "'dlostrow@fortistar.com'" 
<dlostrow@fortistar.com>, "'roger.pelote@williams.com'" 
<roger.pelote@williams.com>, "Perlis, Mark" <PerlisM@dsmo.com>, 
"'dmperlman@pwowersrc.com'" <dmperlman@pwowersrc.com>, "'eperrigo@epsa.org'" 
<eperrigo@epsa.org>, "'bpeters@entrix.com'" <bpeters@entrix.com>, 
"'tony.petrella@ontariopowergeneration.com'" 
<tony.petrella@ontariopowergeneration.com>, "'mphilips@pwrteam.com'" 
<mphilips@pwrteam.com>, "'jphill8@entergy.com'" <jphill8@entergy.com>, 
"'mphillips@ridgewoodpower.com'" <mphillips@ridgewoodpower.com>, 
"'matthew.picardi@dynegy.com'" <matthew.picardi@dynegy.com>, 
"'jackp@calpine.com'" <jackp@calpine.com>, "'stratergy@mediaone.net'" 
<stratergy@mediaone.net>, "'vann.prater@dynegy.com'" 
<vann.prater@dynegy.com>, "'dan_predpall@urscorp.com'" 
<dan_predpall@urscorp.com>, "'prescorw@bp.com'" <prescorw@bp.com>, 
"'mquinn@ridgewoodpower.com'" <mquinn@ridgewoodpower.com>, 
"'billieramsey@paonline.com'" <billieramsey@paonline.com>, 
"'HJReed@powersrc.com'" <HJReed@powersrc.com>, "'rreilley@coral-energy.com'" 
<rreilley@coral-energy.com>, "'croach@bostonpacific.com'" 
<croach@bostonpacific.com>, "'jeffrey.roark@mirant.com'" 
<jeffrey.roark@mirant.com>, "'wroberts@edisonmission.com'" 
<wroberts@edisonmission.com>, "'joer@calpine.com'" <joer@calpine.com>, 
"'elliot.roseman@us.pwcglobal.com'" <elliot.roseman@us.pwcglobal.com>, 
"'dave.ross@nrgenergy.com'" <dave.ross@nrgenergy.com>, "'ellen@i-group.com'" 
<ellen@i-group.com>, "'hydro@smdhydro.com'" <hydro@smdhydro.com>, 
"'jruggirello@aesc.com'" <jruggirello@aesc.com>, "Rustum, Michael" 
<RustumM@dsmo.com>, "'pschaub@entergy.com'" <pschaub@entergy.com>, 
"'masc@dynegy.com'" <masc@dynegy.com>, "'janelle.scheuer@enron.com'" 
<janelle.scheuer@enron.com>, "'ejschneidewind@vrsh.com'" 
<ejschneidewind@vrsh.com>, "'rshapiro@enron.com'" <rshapiro@enron.com>, 
"'jsimon@epsa.org'" <jsimon@epsa.org>, "'david.sims@coastalcorp.com'" 
<david.sims@coastalcorp.com>, "'sslater@epsa.org'" <sslater@epsa.org>, 
"'gail.smallwood@williams.com'" <gail.smallwood@williams.com>, 
"'smutny@iepa.com'" <smutny@iepa.com>, "'paula_soos@ogden-energy.com'" 
<paula_soos@ogden-energy.com>, "'jstanton@calpine.com'" 
<jstanton@calpine.com>, "'sarah.stashak@mirant.com'" 
<sarah.stashak@mirant.com>, "'john.stauffacher@dynegy.com'" 
<john.stauffacher@dynegy.com>, "'jsteffes@enron.com'" <jsteffes@enron.com>, 
"'dick.stone@westmoreland.com'" <dick.stone@westmoreland.com>, 
"'john_h_stout@reliantenergy.com'" <john_h_stout@reliantenergy.com>, 
"'jim.w.summers@usa.conoco.com'" <jim.w.summers@usa.conoco.com>, 
"'gtakvorian@thermoecotek.com'" <gtakvorian@thermoecotek.com>, 
"'wtaylor@calpine.com'" <wtaylor@calpine.com>, "'patricia.Thompson@pseg.com'" 
<patricia.Thompson@pseg.com>, "'tim.thuston@williams.com'" 
<tim.thuston@williams.com>, "'mtighe@hess.com'" <mtighe@hess.com>, 
"'karen.tomcala@pge-corp.com'" <karen.tomcala@pge-corp.com>, 
"'Ltun@tractebelusa.com'" <Ltun@tractebelusa.com>, "'svandenberg@hess.com'" 
<svandenberg@hess.com>, "'lvollmer@pwrteam.com'" <lvollmer@pwrteam.com>, 
"'awallmey@richmond.infi.net'" <awallmey@richmond.infi.net>, 
"'ewalsh@edisonmission.com'" <ewalsh@edisonmission.com>, 
"'aldie-warnock@reliantenergy.com'" <aldie-warnock@reliantenergy.com>, 
"'sweiner@sithe.com'" <sweiner@sithe.com>, "'awenner@velaw.com'" 
<awenner@velaw.com>, "'cwentlent@aesc.com'" <cwentlent@aesc.com>, 
"'wwerner@bostonpacific.com'" <wwerner@bostonpacific.com>, 
"'reed.wills@nrgenergy.com'" <reed.wills@nrgenergy.com>, 
"'lwisniewski@sithe.com'" <lwisniewski@sithe.com>, "'zaiontj@bp.com'" 
<zaiontj@bp.com>, "'richzambo@aol.com'" <richzambo@aol.com>, 
"'michael.j.zimmer@bakernet.com'" <michael.j.zimmer@bakernet.com>
		 cc: 
		 Subject: Memorandum from Julie Simon


 <<Julie Simon Document.DOC>>

============================================================================Th
is e-mail message and any attached files are confidential and are intended 
solely for the use of the addressee(s) named above. This communication may 
contain material protected by attorney-client, work product, or other 
privileges. If you are not the intended recipient or person responsible for 
delivering this confidential communication to the intended recipient, you 
have received this communication in error, and any review, use, 
dissemination, forwarding, printing, copying, or other distribution of this 
e-mail message and any attached files is strictly prohibited. If you have 
received this confidential communication in error, please notify the sender 
immediately by reply e-mail message and permanently delete the original 
message.

To reply to our email administrator directly, send an email to 
postmaster@dsmo.com

Dickstein Shapiro Morin & Oshinsky LLP
http://www.legalinnovators.com


 - Julie Simon Document.DOC
