Message-ID: <19665768.1075859674033.JavaMail.evans@thyme>
Date: Tue, 26 Sep 2000 11:47:00 -0700 (PDT)
From: bhanlon@isda.org
To: geoff.chaplin@abnamro.com, debbiegdm@absa.co.za, 
	jennifer_r_white@ars.aon.com, richard.williams@ants.co.uk, 
	nbregman@acecapitalre.com, bcoors@aceguarantyre.com, 
	erothman@aceguarantyre.com, jeffreys@capital-re.com, 
	bentond@allenovery.com, catherine.ryan@allenovery.com, 
	wainerd@allenovery.com, philippa.m.howley@aib.ie, mschozer@ambac.com, 
	heasleyt@anz.com, porteoug@anz.com, ernst.decker@bhf-bank.com, 
	juergen.ziebe@bhf-bank.com, iona.levine@bakernet.com, 
	rdesantis@bci.it, pgribaudi@bci.it, fcaputo@bci.it, 
	dkaiser@bofasecurities.com, douglas.kerridge@bankofamerica.com, 
	robert.g.lendino@nationsbank.com, terry.watson@bankamerica.com, 
	rickp@ncmi.com, rbrady@bankofny.com, kassam_98@yahoo.com, 
	crietscha@btmna.com, mirko.berner@ib.bankgesellschaft.de, 
	abradwell@ibuk.bankgesellschaft.de, rburley@ibuk.bankgesellschaft.de, 
	joseph.carrico@ib.bankgesellschaft.de, 
	henning.gravlev@ib.bankgesellschaft.de, gaynor.wood@bnpgroup.com, 
	guy.dempsey@barclayscapital.com, 
	christopher.eddy@barclayscapital.com, 
	melisa.macdonagh@barclayscapital.com, jess.saypoff@barcap.com, 
	david.wysoki@barcap.com, ulrich.parche@hypovereinsbank.de, 
	marshall_terry@hvbamericas.com, ilse-karolina.binder@blb.de, 
	eberhard.marsch@blb.de, pusung@baylbny.com, bfuqua@bear.com, 
	sfurman@bear.com, francois@us.cibc.com, john.pearson@cibc.ca, 
	rozarioj@us.cibc.com, nmathews@cwt.com, lary@cwt.com, 
	edubois@cdc-marches.fr, marjorie.gross@chase.com, 
	deborah.hooper@chase.com, frank.ronan@chase.com, 
	blake.titrud@chase.com, john.vollkommer@chase.com, 
	pinar.yetgin@chase.com, andrew.w.alter@ssmb.com, 
	donald.bendernagel@ssmb.com, scott.l.flood@ssmb.com, 
	steven.j.keltz@ssmb.com, lisa.b.rothenberg@ssmb.com, 
	claude.brown@cliffordchance.com, claire.exum@cliffordchance.com, 
	nancy.jacklin@cliffordchance.com, kimberly.loepp@cliffordchance.com, 
	habib.motani@cliffordchance.com, <"'pfeiffem@r&w.com'"@enron.com>, 
	tina.woo@cliffordchance.com, david.yeres@cliffordchance.com, 
	greg.haynes@commerzbankib.com, claude.zerey@commerzbank.com, 
	dcunning@cravath.com, kellis@cravath.com, 
	cberkowi@us.ca-indosuez.com, frederic.braun@indosuez.com, 
	alec.cohen@creditlyonnais.co.uk, simon.davidson@csfb.com, 
	john.gatsos@csfb.com, stacy.gevas@csfb.com, 
	christine.knight@csfb.com, barara_nottebohm@csfb.com, 
	john@creditex.com, marku.bormann@dgzbank.de, ehsu@debevoise.com, 
	blim@debevoise.com, wstokyo@gol.com, katherine.andrews@db.com, 
	ken.brougher@db.com, alessandro.cocco@db.com, roger.ehrenberg@db.com, 
	jean.fudjinski@db.com, chip.goodrich@db.com, angie.montalvo@db.com, 
	nathan.muller@db.com, dave.petersen@db.com, robert.m.spielman@db.com, 
	fabia.warlix@db.com, jscordato@dlj.com, mark.e.haedicke@enron.com, 
	n.barr@ei.org, gu1@ffwlaw.com, marylou.guttmann@funb.com, 
	raross@bkb.com, brance@freshfields.com, robert@icapny.com, 
	alan.green@gecapital.com, rmurphy@genre.com, 
	alban.caillemer-du-ferrage@gide.fr, duhamel@gide.fr, 
	david.geen@gs.com, charlene.kuo@gs.com, robert.mancini@gs.com, 
	tom.riggs@gs.com, chandra.sinnathuray@gs.com, 
	tim.j.allen@hsbcgroup.com, nobby.clark@hsbcgroup.com, 
	michael_boehm@trinkaus.de, mpeeters@houthoff.nl, 
	levinec@hugheshubbard.com, legal@ibj.co.uk, 
	carolyn_loverro@infinity.com, apapesch@isda-eur.org, 
	seema_bal@ipicorp.com, bond@ipicorp.com, ptrollip@investec.co.za, 
	adams_jon@jpmorgan.com, brickell_mark@jpmorgan.com, 
	lewis_david@jpmorgan.com, masters_blythe@jpmorgan.com, 
	thompson_don@jpmorgan.com, xistris_demetrios@jpmorgan.com, 
	enalbatian@jonesday.com, andrew.dominus@kbcfp.com, 
	thomas.bulgrin@kfw.de, recht@lbbw.de, gernot.becker@helaba.de, 
	beatrix.goebel@helaba.de, paul.condon@lrp.de, gkieslin@lehman.com, 
	bmcgowan@lehman.com, cmordas@lehman.com, kwalker@lehman.com, 
	hpilley@linklaters.com, laurence.garside@lovells.com, 
	patricia.sadro@mpuk.com, judith.lawless@mccann-fitzgerald.ie, 
	atkinric@filon.ml.com, bbarrett@exchange.ml.com, larry_dobosh@ml.com, 
	bradl@ml.com, sean_tiwari@ml.com, hermann_watzinger@ml.com, 
	colemane@moodys.com, bill.may@moodys.com, remezah@moodys.com, 
	tolkj@moodys.com, craig.abruzzo@msdw.com, bassig@ms.com, 
	epstein@ms.com, aronj@ms.com, joan.ma@msdw.com, 
	julie.oneill@msdw.com, philipsm@ms.com, thomasa@ms.com, thum@ms.com, 
	terrance.yang@msdw.com, ujahn@mlb.com, rodg6874@mlb.com, 
	cameron.munro@eu.nabgroup.com, tsalatte@nomurany.com, 
	james.lettiere@bnpparibas.com, connorh@rabo-bank.com, 
	ejung@refco.com, susan.heard@rbcds.com, goodmal@rbos.co.uk, 
	hallsd@rbos.co.uk, mercerl@rbos.co.uk, wplayle@sanwaint.com, 
	dparisi@shearman.com, hwest@shearman.com, ccarlon@sidley.com, 
	adalton@sidley.com, aglass@sidley.com, mgreenbe@sidley.com, 
	tom.hunter@simmons-simmons.com, josborn@skadden.com, 
	olle.westring@seb.se, anna.lawry@slaughterandmay.com, 
	patrick.rosenvinge@slaughterandmay.com, tugdual.boisse@socgen.com, 
	cecile.hollevoet@us.socgen.com, jacqueline_tang@standardandpoors.com, 
	simmonsr@sullcrom.com, stephen_kruft@swissre.com, 
	cjameson@thacherproffitt.com, beckek3@tdsec.co.uk, chiarp@tdusa.com, 
	hansec@tdusa.com, rosenj2@tdusa.com, daniel.ladd@wdr.com, 
	william.sullivan@wdr.com, evita.vulgaris@wdr.com, 
	birgit_hoefer@westlb.de, matthias_kalthoff@westlb.de, 
	dr_klaus_poggemann@westlb.de, dhoney@westpac.com.au, 
	llove@westpac.com.au, tmcclarty@westpac.com.au, 
	jmorgado@westpac.com.au, istewart@westpac.com.au, 
	jbauman@eprimus.com
Subject: FW: CDD
Cc: ksumme@isda.org, rpickel@isda.org
Mime-Version: 1.0
Content-Type: text/plain; charset=us-ascii
Content-Transfer-Encoding: 7bit
Bcc: ksumme@isda.org, rpickel@isda.org
X-From: Barbara Hanlon <BHANLON@isda.org>
X-To: "'geoff.chaplin@abnamro.com'" <geoff.chaplin@abnamro.com>, "'debbiegdm@absa.co.za'" <debbiegdm@absa.co.za>, "'Jennifer_R_White@ars.aon.com'" <Jennifer_R_White@ars.aon.com>, "'richard.williams@ants.co.uk'" <richard.williams@ants.co.uk>, "'nbregman@acecapitalre.com'" <nbregman@acecapitalre.com>, "'bcoors@aceguarantyre.com'" <bcoors@aceguarantyre.com>, "'erothman@aceguarantyre.com'" <erothman@aceguarantyre.com>, "'JEFFREYS@CAPITAL-RE.COM'" <JEFFREYS@CAPITAL-RE.COM>, David Benton <bentond@allenovery.com>, "'catherine.ryan@allenovery.com'" <catherine.ryan@allenovery.com>, "'wainerd@allenovery.com'" <wainerd@allenovery.com>, "'philippa.m.howley@aib.ie'" <philippa.m.howley@aib.ie>, "'mschozer@ambac.com'" <mschozer@ambac.com>, "'heasleyt@anz.com'" <heasleyt@anz.com>, "'porteoug@anz.com'" <porteoug@anz.com>, "'Ernst.Decker@BHF-BANK.com'" <Ernst.Decker@BHF-BANK.com>, "'Juergen.Ziebe@BHF-BANK.com'" <Juergen.Ziebe@BHF-BANK.com>, "'iona.levine@bakernet.com'" <iona.levine@bakernet.com>, "'rdesantis@bci.it'" <rdesantis@bci.it>, "'pgribaudi@bci.it'" <pgribaudi@bci.it>, "'fcaputo@bci.it'" <fcaputo@bci.it>, "'dkaiser@bofasecurities.com'" <dkaiser@bofasecurities.com>, "'douglas.kerridge@bankofamerica.com'" <douglas.kerridge@bankofamerica.com>, "'robert.g.lendino@nationsbank.com'" <robert.g.lendino@nationsbank.com>, "'terry.watson@bankamerica.com'" <terry.watson@bankamerica.com>, "'rickp@ncmi.com'" <rickp@ncmi.com>, "'rbrady@bankofny.com'" <rbrady@bankofny.com>, "'kassam_98@yahoo.com'" <kassam_98@yahoo.com>, "'crietscha@btmna.com'" <crietscha@btmna.com>, "'mirko.berner@ib.bankgesellschaft.de'" <mirko.berner@ib.bankgesellschaft.de>, "'abradwell@ibuk.bankgesellschaft.de'" <abradwell@ibuk.bankgesellschaft.de>, "'rburley@ibuk.bankgesellschaft.de'" <rburley@ibuk.bankgesellschaft.de>, "'Joseph.Carrico@ib.bankgesellschaft.de'" <Joseph.Carrico@ib.bankgesellschaft.de>, "'henning.gravlev@ib.bankgesellschaft.de'" <henning.gravlev@ib.bankgesellschaft.de>, "'gaynor.wood@bnpgroup.com'" <gaynor.wood@bnpgroup.com>, "'guy.dempsey@barclayscapital.com'" <guy.dempsey@barclayscapital.com>, "'Christopher.Eddy@barclayscapital.com'" <Christopher.Eddy@barclayscapital.com>, "'melisa.macdonagh@barclayscapital.com'" <melisa.macdonagh@barclayscapital.com>, "'jess.saypoff@barcap.com'" <jess.saypoff@barcap.com>, "'david.wysoki@barcap.com'" <david.wysoki@barcap.com>, "'ulrich.parche@hypovereinsbank.de'" <ulrich.parche@hypovereinsbank.de>, "'marshall_terry@hvbamericas.com'" <marshall_terry@hvbamericas.com>, "'ilse-karolina.binder@blb.de'" <ilse-karolina.binder@blb.de>, "'eberhard.marsch@blb.de'" <eberhard.marsch@blb.de>, "'pusung@baylbny.com'" <pusung@baylbny.com>, "'bfuqua@bear.com'" <bfuqua@bear.com>, "'sfurman@bear.com'" <sfurman@bear.com>, "'francois@us.cibc.com'" <francois@us.cibc.com>, "'john.pearson@cibc.ca'" <john.pearson@cibc.ca>, "'rozarioj@us.cibc.com'" <rozarioj@us.cibc.com>, "'nmathews@cwt.com'" <nmathews@cwt.com>, "'lary@cwt.com'" <lary@cwt.com>, "'edubois@cdc-marches.fr'" <edubois@cdc-marches.fr>, "'marjorie.gross@chase.com'" <marjorie.gross@chase.com>, "'deborah.hooper@chase.com'" <deborah.hooper@chase.com>, "'frank.ronan@chase.com'" <frank.ronan@chase.com>, "'blake.titrud@chase.com'" <blake.titrud@chase.com>, "'john.vollkommer@chase.com'" <john.vollkommer@chase.com>, "'pinar.yetgin@chase.com'" <pinar.yetgin@chase.com>, "'andrew.w.alter@ssmb.com'" <andrew.w.alter@ssmb.com>, "'donald.bendernagel@ssmb.com'" <donald.bendernagel@ssmb.com>, "'scott.l.flood@ssmb.com'" <scott.l.flood@ssmb.com>, "'steven.j.keltz@ssmb.com'" <steven.j.keltz@ssmb.com>, "'lisa.b.rothenberg@ssmb.com'" <lisa.b.rothenberg@ssmb.com>, "'claude.brown@cliffordchance.com'" <claude.brown@cliffordchance.com>, "'claire.exum@cliffordchance.com'" <claire.exum@cliffordchance.com>, "'nancy.jacklin@cliffordchance.com'" <nancy.jacklin@cliffordchance.com>, "'kimberly.loepp@cliffordchance.com'" <kimberly.loepp@cliffordchance.com>, "'habib.motani@cliffordchance.com'" <habib.motani@cliffordchance.com>, "'pfeiffem@r&w.com'" <pfeiffem@r&w.com>, "'tina.woo@cliffordchance.com'" <tina.woo@cliffordchance.com>, "'david.yeres@cliffordchance.com'" <david.yeres@cliffordchance.com>, "'greg.haynes@commerzbankib.com'" <greg.haynes@commerzbankib.com>, "'claude.zerey@commerzbank.com'" <claude.zerey@commerzbank.com>, Daniel Cunningham <dcunning@cravath.com>, Kianga Ellis <kellis@cravath.com>, "'cberkowi@us.ca-indosuez.com'" <cberkowi@us.ca-indosuez.com>, "'frederic.braun@indosuez.com'" <frederic.braun@indosuez.com>, "'alec.cohen@creditlyonnais.co.uk'" <alec.cohen@creditlyonnais.co.uk>, "'simon.davidson@csfb.com'" <simon.davidson@csfb.com>, "'john.gatsos@csfb.com'" <john.gatsos@csfb.com>, "'stacy.gevas@csfb.com'" <stacy.gevas@csfb.com>, "'christine.knight@csfb.com'" <christine.knight@csfb.com>, "'barara_nottebohm@csfb.com'" <barara_nottebohm@csfb.com>, "'john@creditex.com'" <john@creditex.com>, "'marku.bormann@dgzbank.de'" <marku.bormann@dgzbank.de>, "'ehsu@debevoise.com'" <ehsu@debevoise.com>, "'blim@debevoise.com'" <blim@debevoise.com>, "'wstokyo@GOL.COM'" <wstokyo@GOL.COM>, "'katherine.andrews@db.com'" <katherine.andrews@db.com>, "'ken.brougher@db.com'" <ken.brougher@db.com>, "'alessandro.cocco@db.com'" <alessandro.cocco@db.com>, "'roger.ehrenberg@db.com'" <roger.ehrenberg@db.com>, "'jean.fudjinski@db.com'" <jean.fudjinski@db.com>, "'chip.goodrich@db.com'" <chip.goodrich@db.com>, "'angie.montalvo@db.com'" <angie.montalvo@db.com>, "'nathan.muller@db.com'" <nathan.muller@db.com>, "'dave.petersen@db.com'" <dave.petersen@db.com>, "'robert.m.spielman@db.com'" <robert.m.spielman@db.com>, "'fabia.warlix@db.com'" <fabia.warlix@db.com>, "'jscordato@dlj.com'" <jscordato@dlj.com>, Mark Haedicke <Mark.E.Haedicke@enron.com>, "'n.barr@ei.org'" <n.barr@ei.org>, "'gu1@ffwlaw.com'" <gu1@ffwlaw.com>, "'marylou.guttmann@funb.com'" <marylou.guttmann@funb.com>, "'raross@bkb.com'" <raross@bkb.com>, "'brance@freshfields.com'" <brance@freshfields.com>, "'robert@icapny.com'" <robert@icapny.com>, "'alan.green@gecapital.com'" <alan.green@gecapital.com>, "'rmurphy@genre.com'" <rmurphy@genre.com>, "'Alban.Caillemer-du-Ferrage@gide.fr'" <Alban.Caillemer-du-Ferrage@gide.fr>, "'duhamel@gide.fr'" <duhamel@gide.fr>, "'david.geen@gs.com'" <david.geen@gs.com>, "'charlene.kuo@gs.com'" <charlene.kuo@gs.com>, "'robert.mancini@gs.com'" <robert.mancini@gs.com>, "'tom.riggs@gs.com'" <tom.riggs@gs.com>, "'chandra.sinnathuray@gs.com'" <chandra.sinnathuray@gs.com>, "'tim.j.allen@hsbcgroup.com'" <tim.j.allen@hsbcgroup.com>, "'nobby.clark@hsbcgroup.com'" <nobby.clark@hsbcgroup.com>, "'michael_boehm@trinkaus.de'" <michael_boehm@trinkaus.de>, "'mpeeters@houthoff.nl'" <mpeeters@houthoff.nl>, "'levinec@hugheshubbard.com'" <levinec@hugheshubbard.com>, "'legal@ibj.co.uk'" <legal@ibj.co.uk>, "'carolyn_loverro@infinity.com'" <carolyn_loverro@infinity.com>, Angela Papesch-Euro <apapesch@isda-eur.org>, "'seema_bal@ipicorp.com'" <seema_bal@ipicorp.com>, "'bond@ipicorp.com'" <bond@ipicorp.com>, "'ptrollip@investec.co.za'" <ptrollip@investec.co.za>, "'adams_jon@jpmorgan.com'" <adams_jon@jpmorgan.com>, Mark Brickell <brickell_mark@jpmorgan.com>, "'lewis_david@jpmorgan.com'" <lewis_david@jpmorgan.com>, "'masters_blythe@jpmorgan.com'" <masters_blythe@jpmorgan.com>, "'thompson_don@jpmorgan.com'" <thompson_don@jpmorgan.com>, "'xistris_demetrios@jpmorgan.com'" <xistris_demetrios@jpmorgan.com>, "'enalbatian@JonesDay.com'" <enalbatian@JonesDay.com>, "'andrew.dominus@kbcfp.com'" <andrew.dominus@kbcfp.com>, "'thomas.bulgrin@kfw.de'" <thomas.bulgrin@kfw.de>, "'recht@lbbw.de'" <recht@lbbw.de>, "'gernot.becker@helaba.de'" <gernot.becker@helaba.de>, "'beatrix.goebel@helaba.de'" <beatrix.goebel@helaba.de>, "'paul.condon@lrp.de'" <paul.condon@lrp.de>, "'gkieslin@lehman.com'" <gkieslin@lehman.com>, "'bmcgowan@lehman.com'" <bmcgowan@lehman.com>, "'cmordas@lehman.com'" <cmordas@lehman.com>, "'kwalker@lehman.com'" <kwalker@lehman.com>, "'hpilley@linklaters.com'" <hpilley@linklaters.com>, "'laurence.garside@lovells.com'" <laurence.garside@lovells.com>, "'patricia.sadro@mpuk.com'" <patricia.sadro@mpuk.com>, "'judith.lawless@mccann-fitzgerald.ie'" <judith.lawless@mccann-fitzgerald.ie>, "'atkinric@filon.ml.com'" <atkinric@filon.ml.com>, "'bbarrett@exchange.ml.com'" <bbarrett@exchange.ml.com>, "'larry_dobosh@ml.com'" <larry_dobosh@ml.com>, "'bradl@ml.com'" <bradl@ml.com>, "'sean_tiwari@ml.com'" <sean_tiwari@ml.com>, "'hermann_watzinger@ml.com'" <hermann_watzinger@ml.com>, "'colemane@moodys.com'" <colemane@moodys.com>, "'Bill.May@moodys.com'" <Bill.May@moodys.com>, "'remezah@moodys.com'" <remezah@moodys.com>, "'tolkj@moodys.com'" <tolkj@moodys.com>, "'craig.abruzzo@msdw.com'" <craig.abruzzo@msdw.com>, "'bassig@ms.com'" <bassig@ms.com>, "'epstein@ms.com'" <epstein@ms.com>, "'aronj@ms.com'" <aronj@ms.com>, "'Joan.Ma@msdw.com'" <Joan.Ma@msdw.com>, "'julie.oneill@msdw.com'" <julie.oneill@msdw.com>, "'philipsm@ms.com'" <philipsm@ms.com>, "'thomasa@ms.com'" <thomasa@ms.com>, "'thum@ms.com'" <thum@ms.com>, "'terrance.yang@msdw.com'" <terrance.yang@msdw.com>, "'ujahn@mlb.com'" <ujahn@mlb.com>, "'rodg6874@mlb.com'" <rodg6874@mlb.com>, "'cameron.munro@eu.nabgroup.com'" <cameron.munro@eu.nabgroup.com>, "'tsalatte@nomurany.com'" <tsalatte@nomurany.com>, "'james.lettiere@bnpparibas.com'" <james.lettiere@bnpparibas.com>, "'O'ConnorH@rabo-bank.com'" <O'ConnorH@rabo-bank.com>, "'ejung@refco.com'" <ejung@refco.com>, "'susan.heard@rbcds.com'" <susan.heard@rbcds.com>, "'goodmal@rbos.co.uk'" <goodmal@rbos.co.uk>, "'hallsd@rbos.co.uk'" <hallsd@rbos.co.uk>, "'mercerl@rbos.co.uk'" <mercerl@rbos.co.uk>, "'wplayle@sanwaint.com'" <wplayle@sanwaint.com>, "'dparisi@shearman.com'" <dparisi@shearman.com>, "'hwest@shearman.com'" <hwest@shearman.com>, "'ccarlon@sidley.com'" <ccarlon@sidley.com>, "'adalton@sidley.com'" <adalton@sidley.com>, "'aglass@sidley.com'" <aglass@sidley.com>, "'mgreenbe@sidley.com'" <mgreenbe@sidley.com>, "'tom.hunter@simmons-simmons.com'" <tom.hunter@simmons-simmons.com>, "'josborn@skadden.com'" <josborn@skadden.com>, "'olle.Westring@seb.se'" <olle.Westring@seb.se>, "'anna.lawry@slaughterandmay.com'" <anna.lawry@slaughterandmay.com>, "'patrick.rosenvinge@slaughterandmay.com'" <patrick.rosenvinge@slaughterandmay.com>, "'tugdual.boisse@socgen.com'" <tugdual.boisse@socgen.com>, "'cecile.hollevoet@us.socgen.com'" <cecile.hollevoet@us.socgen.com>, "'jacqueline_tang@standardandpoors.com'" <jacqueline_tang@standardandpoors.com>, "'simmonsr@sullcrom.com'" <simmonsr@sullcrom.com>, "'stephen_kruft@swissre.com'" <stephen_kruft@swissre.com>, "'cjameson@thacherproffitt.com'" <cjameson@thacherproffitt.com>, "'beckek3@tdsec.co.uk'" <beckek3@tdsec.co.uk>, "'chiarp@tdusa.com'" <chiarp@tdusa.com>, "'hansec@tdusa.com'" <hansec@tdusa.com>, "'rosenj2@tdusa.com'" <rosenj2@tdusa.com>, "'daniel.ladd@wdr.com'" <daniel.ladd@wdr.com>, "'william.sullivan@wdr.com'" <william.sullivan@wdr.com>, "'evita.vulgaris@wdr.com'" <evita.vulgaris@wdr.com>, "'birgit_hoefer@westlb.de'" <birgit_hoefer@westlb.de>, "'matthias_kalthoff@westlb.de'" <matthias_kalthoff@westlb.de>, "'dr_klaus_poggemann@WestLB.de'" <dr_klaus_poggemann@WestLB.de>, "'dhoney@westpac.com.au'" <dhoney@westpac.com.au>, "'llove@westpac.com.au'" <llove@westpac.com.au>, "'tmcclarty@westpac.com.au'" <tmcclarty@westpac.com.au>, "'jmorgado@westpac.com.au'" <jmorgado@westpac.com.au>, "'istewart@westpac.com.au'" <istewart@westpac.com.au>, "'jbauman@eprimus.com'" <jbauman@eprimus.com>
X-cc: Kimberly Summe <KSumme@isda.org>, Robert Pickel <RPICKEL@isda.org>
X-bcc: 
X-Folder: \Mark_Haedicke_Dec2000_1\Notes Folders\Notes inbox
X-Origin: Haedicke-M
X-FileName: mhaedic.nsf

> Please note that Section 3.4 of the draft User's Guide contains an
> unintended error.  In paragraph 3 of Section 3.4, in the new language, the
> sentence should read:  "Merely specifying the Deliverable Obligation
> Category (e.g., Bonds or Loans) would be inconsistent with the intent of
> the Notice of Intended Physical Settlement."  The change will be made.
>
Robert Pickel
General Counsel