Message-ID: <29561152.1075855494279.JavaMail.evans@thyme>
Date: Fri, 27 Apr 2001 04:33:00 -0700 (PDT)
From: melanie.hunter@neg.pge.com
To: derekaberle@aec.ca, abshirek@epenergy.com, jadams2@enron.com, 
	gascontroller@aec.ca, carol_airey@altagas.ca, kelly_aitken@gulf.ca, 
	dalbers@avistacorp.com, louise.allen@numac.com, malonzo@sdge.com, 
	panderse@utilicorp.com, adrienneanderson@aec.ca, dna1@pge.com, 
	laab@pge.com, paul.atha@southernenergy.com, oaugenstein@br-inc.com, 
	nbaker@enron.com, lryall@worldnet.att.net, brentbalog@aec.ca, 
	dbarre@puget.com, bartneea@bp.com, beathrw@bp.com, 
	michaelbennett@aec.ca, bblanar@coral-energy.com, bokenfke@bp.com, 
	gborrego@semprasolutions.com, tabo@dynegy.com, boulayka@bp.com, 
	spencecp@bp.com, todd_braunfeld@br-inc.ca, sbrewer@enron.com, 
	stephane.brodeur@enron.com, tbrother@utilicorp.com, 
	tbrown@br-inc.com, browning@wasatchenergy.com, 
	christopher.bruce@msdw.com, mike_bucher@oxy.com, 
	jburton@utilicorp.com, mbutler@tristargas.com, 
	operations@canwestgas.com, bcampbell@ci.burbank.ca.us, rwcd@pge.com, 
	chanbs@bp.com, jchapa@calpine.com, schrist@enron.com, dwc3@pge.com, 
	jlclarken@duke-energy.com, sheri.clemons@southernenergy.com, 
	cslaman@usg.com, bcohen@br-inc.com, darcy_cole@transcanada.com, 
	gascontroller@aec.ca, gcalgascontrol@bp.com, rcooper@utilicorp.com, 
	saguilar@coral-energy.com, rcrowley@coral-energy.com, 
	ccunning@cngc.com, david.dachis@neg.pge.com, bdahncke@pcenergy.com, 
	derek.danyliw@husky-oil.com, ddanyluk@enserco.com, days@epenergy.com, 
	cdecotea@westerngas.com, delanem@axl.ca, hankd@calpine.com, 
	kathy@itcoworld.com, tdizona@coral-energy.com, 
	andolaptchiev@duke-energy.com, doraisba@bp.com, rdreith@smud.org, 
	hwweight@duke-energy.com, caver_ealy@pgn.com, reason@br-inc.com, 
	lwebner@ect.enron.com, demerson@energy.twc.com, cory_empey@br-inc.ca, 
	pabercrombie@txuenergy.com, jelmore@txuenergy.com, fermis@enron.com, 
	vesparza@txu.com, beveret@enron.com, fackel@texaco.com, 
	lfiler@avistaenergy.com, mflaman@tcel.com, bradflegel@aec.ca, 
	srfl@dynegy.com, cfrandsen@avistacorp.com, 
	rene.frederick@apachecorp.com, bfrench@avistaenergy.com, 
	tfrisina@br-inc.com, dafusek@aep.com, mhg2@pge.com, 
	laura.gallant@paramountres.com, rgay@ect.enron.com, geek@bp.com, 
	gborrego@semprasolutions.com, gilesmh@bp.com, sgillit@cngc.com, 
	jgilmer2@txu.com, rgladman@aep.com, jglaubi@smud.org, 
	kgonzales@sppc.com, lgoodric@cngc.com, pgorton@avistaenergy.com, 
	pgorton@avistaenergy.com, pgrable@cngc.com, grahamp@kochind.com, 
	greenallg@epenergy.com, rgruber@avistacorp.com, bhall@cngc.com, 
	jeffrey.c.hammond@wgp.twc.com, lenhanson@aec.ca, 
	sharper@avistaenergy.com, deborah.hart@msdw.com, 
	jhaskey@coral-energy.com, kevin.heal@enron.com, 
	peggy.hedstrom@enron.com, emhendry@duke-energy.com, sghill@bcgas.com, 
	sherry_hill@transcanada.com, hoffmamc@bp.com, billhogue@aec.ca, 
	cholm@sppc.com, shorton@coral-energy.com, hots@chevron.com, 
	rob.hozjan@southernenergy.com, david_m_huck@reliantenergy.com, 
	dtaylor@igires.com, igsjoy@ix.netcom.com, rishikawa@pacent.com, 
	fred_jackson@knmktg.com, kenja@cnrl.com, jenkindm@bp.com, 
	kjohnson@pcenergy.com, kkeiser@ect.enron.com, cindyk@cook-inlet.com, 
	mkent@br-inc.com, deborahs@kimballenergy.com, kims@kimballenergy.com, 
	russells@kimballenergy.com, jkimberly@avistacorp.com, 
	mknutson@avistaenergy.com, igsinc@ix.netcom.com, vgkr@dynegy.com, 
	gkugler@brr.com, james_lagadin@altagas.ca, 
	andrea.langfeldt@enron.com, llarson@mtpower.com, hleonard@cngc.com, 
	jonangas@attglobal.net, lippmanc@aol.com, daniel.lisk@enron.com, 
	nlissel@enserco.com, jlynch@westerngas.com, carolma@cook-inlet.com, 
	altradegasscheduling@altra.com, lmcegenergy@sk.sympatico.ca, 
	lmansi@sdge.com, ecma@dynegy.com, bob.mattice@engageenergy.com, 
	rfm@nwnatural.com, jmmcarthur@duke-energy.com, 
	pmcdougall@coral-energy.com, jmcgowa@smud.org, cmcgra@puget.com, 
	tom.mckay@engageenergy.com, mmcmahon@avistacorp.com, 
	bmedlock@cngc.com, pmelera@sempratrading.com, 
	shelly.mendel@enron.com, cmiller@smud.org, moln@chevron.com, 
	lmoore@avistaenergy.com, rhondamoore@aec.ca, dcmorris@mtpower.com, 
	salmoncolo@worldnet.att.net, murrinnl@bp.com, dmyers@enserco.com, 
	glen@wasatchenergy.com, mnason@coral-energy.com, nicknijt@bp.com, 
	trevor_nicol@nexeninc.com, gnunnema@utilicorp.com, kolinge@enron.com, 
	jennifer_owen@pgn.com, jpainter@igservice.com, 
	traceyh@panalberta.com, poruban@pasha.com, 
	spasloski@coral-energy.com, mpatton@cngc.com, 
	petersm@energystore.net, spfaff@cngc.com, meo2@pge.com, 
	carellyn-pitre@coastenergy.com, cpittma2@txu.com, 
	rplatt@duke-energy.com, jwpowell@duke-energy.com, 
	rinde_powell@pcp.ca, liz.prior@enron.com, 
	kathy.puls@engageenergy.com, george.rahal@acnpower.com, 
	ramperms@bp.com, sramsey@coral-energy.com, mrana@socalgas.com, 
	jackie.rausch@cabotog.com, reshma_rawj@gulf.com, jreames@br-inc.com, 
	gwenreid@aec.ca, lreid@sppc.com, hrennell@worldnet.att.net, 
	rriehm@br-inc.com, jarx@pge.com, dripley@ect.enron.com, 
	rrobins4@enron.com, bsalak@westerngas.com, jsanders@clarkpud.com, 
	gene@toenergy.com, scheffsp@bp.com, cshenderlein@brr.com, 
	jane@scana.com, scimmonsj@epenergy.com, scimmons.janice@epenergy.com, 
	david.scott@newpower.com, fred.scott@engageenergy.com, ljs6@pge.com, 
	kselland@avistaenergy.com, mvaughn@cngc.com, judy@progas.com, 
	lsilva@ci.glendale.ca.us, hls@nwnatural.com, mark@wasatchenergy.com, 
	linda@progas.com, steven.p.south@enron.com, jspell@puget.com, 
	deborahs@kimballenergy.com, lynnette.stauber@powerex.com, 
	mikeal.stec@apachecorp.com, jonangas@attglobal.net, 
	rogertan@swbell.net, carol-taylor@coastenergy.com, 
	ctaylor@ci.burbank.ca.us, scot.thompson@southernenergy.com, 
	ttonkin@utilicorp.com, john_trimble@kmmktg.com, tunstabj@bp.com, 
	rtyra@txu.com, jpu1@pge.com, pvallone@cngc.com, 
	niels_a_vervloet@reliantenergy.com, rick.wadle@mirant.com, 
	pwah@socalgas.com, ryan@wasatchenergy.com, john.wallace@deml.com, 
	mark.warno@acnenergy.com, ryan.watt@enron.com, 
	doug_way@transcanada.com, david.wharton@apachecorp.com, 
	cwhite@brr.com, kwhite@pcenergy.com, twickersham@enserco.com, 
	kwilkinson@br-inc.com, s.kent.williams@williams.com, 
	jwilmotte@avistaenergy.com, pwinter@avistacorp.com, 
	dick.winters@avistacorp.com, dwinters@avistacorp.com, 
	val_yildirok@pgn.com, ron.youell@mirant.com, 
	scott_yule@transcanada.com, mitchell_zumwalt@nexeninc.com
Subject: PG&E GTN Kingsgate Capacity Increased
Mime-Version: 1.0
Content-Type: text/plain; charset=us-ascii
Content-Transfer-Encoding: 7bit
X-From: "Hunter, Melanie" <Melanie.Hunter@neg.pge.com>
X-To: "'derekaberle@aec.ca'" <derekaberle@aec.ca>, "'abshirek@epenergy.com'"	 <abshirek@epenergy.com>, "'jadams2@enron.com'" <jadams2@enron.com>, "'gascontroller@AEC.CA'" <gascontroller@AEC.CA>, "'carol_airey@altagas.ca'" <carol_airey@altagas.ca>, "'kelly_aitken@gulf.ca'" <kelly_aitken@gulf.ca>, "'dalbers@avistacorp.com'" <dalbers@avistacorp.com>, "'louise.allen@numac.com'" <louise.allen@numac.com>, "'malonzo@sdge.com'"	 <malonzo@sdge.com>, "'panderse@utilicorp.com'" <panderse@utilicorp.com>, "'adrienneanderson@aec.ca'" <adrienneanderson@aec.ca>, "'DNA1@pge.com'"	 <DNA1@pge.com>, "'Laab@pge.com'" <Laab@pge.com>, "'Paul.Atha@southernenergy.com'" <Paul.Atha@southernenergy.com>, "'oaugenstein@br-inc.com'" <oaugenstein@br-inc.com>, "'nbaker@enron.com'"	 <nbaker@enron.com>, "'LRYALL@worldnet.att.net'"	 <LRYALL@worldnet.att.net>, "'brentbalog@aec.ca'" <brentbalog@aec.ca>, "'dbarre@puget.com'" <dbarre@puget.com>, "'bartneea@bp.com'"	 <bartneea@bp.com>, "'beathrw@bp.com'" <beathrw@bp.com>, "'michaelbennett@aec.ca'" <michaelbennett@aec.ca>, "'bblanar@coral-energy.com'" <bblanar@coral-energy.com>, "'bokenfke@bp.com'" <bokenfke@bp.com>, "'gborrego@semprasolutions.com'"	 <gborrego@semprasolutions.com>, "'TABO@dynegy.com'" <TABO@dynegy.com>, "'boulayka@bp.com'" <boulayka@bp.com>, "'spencecp@bp.com'"	 <spencecp@bp.com>, "'todd_braunfeld@br-inc.ca'"	 <todd_braunfeld@br-inc.ca>, "'sbrewer@enron.com'" <sbrewer@enron.com>, "'stephane.brodeur@enron.com'" <stephane.brodeur@enron.com>, "'Brothers, Troy'" <TBrother@utilicorp.com>, "'tbrown@br-inc.com'"	 <tbrown@br-inc.com>, "'browning@wasatchenergy.com'"	 <browning@wasatchenergy.com>, "'Christopher.Bruce@msdw.com'"	 <Christopher.Bruce@msdw.com>, "'mike_bucher@oxy.com'"	 <mike_bucher@oxy.com>, "'jburton@utilicorp.com'" <jburton@utilicorp.com>, "'mbutler@tristargas.com'" <mbutler@tristargas.com>, "'operations@canwestgas.com'" <operations@canwestgas.com>, "'bcampbell@ci.burbank.ca.us'" <bcampbell@ci.burbank.ca.us>, "'RWCD@pge.com'" <RWCD@pge.com>, "'chanbs@bp.com'" <chanbs@bp.com>, "'jchapa@calpine.com'" <jchapa@calpine.com>, "'schrist@enron.com'"	 <schrist@enron.com>, "'dwc3@pge.com'" <dwc3@pge.com>, "'jlclarken@duke-energy.com'" <jlclarken@duke-energy.com>, "'sheri.clemons@southernenergy.com'" <sheri.clemons@southernenergy.com>, "'cslaman@usg.com'" <cslaman@usg.com>, "'bcohen@br-inc.com'"	 <bcohen@br-inc.com>, "'darcy_cole@transcanada.com'"	 <darcy_cole@transcanada.com>, "'gascontroller@AEC.CA'"	 <gascontroller@AEC.CA>, "'gcalgascontrol@bp.com'"	 <gcalgascontrol@bp.com>, "'rcooper@utilicorp.com'"	 <rcooper@utilicorp.com>, "'saguilar@coral-energy.com'"	 <saguilar@coral-energy.com>, "'rcrowley@coral-energy.com'"	 <rcrowley@coral-energy.com>, "'ccunning@cngc.com'" <ccunning@cngc.com>, "Dachis, David" <David.Dachis@neg.pge.com>, "'BDAHNCKE@PCENERGY.COM'"	 <BDAHNCKE@PCENERGY.COM>, "'derek.danyliw@husky-oil.com'"	 <derek.danyliw@husky-oil.com>, "'ddanyluk@enserco.com'"	 <ddanyluk@enserco.com>, "'days@epenergy.com'" <days@epenergy.com>, "'cdecotea@westerngas.com'" <cdecotea@westerngas.com>, "'delanem@axl.ca'"	 <delanem@axl.ca>, "'hankd@calpine.com'" <hankd@calpine.com>, "'kathy@itcoworld.com'" <kathy@itcoworld.com>, "'tdizona@coral-energy.com'" <tdizona@coral-energy.com>, "'andolaptchiev@duke-energy.com'" <andolaptchiev@duke-energy.com>, "'doraisba@bp.com'" <doraisba@bp.com>, "'RDreith@smud.org'"	 <RDreith@smud.org>, "'hwweight@duke-energy.com'"	 <hwweight@duke-energy.com>, "'caver_ealy@pgn.com'" <caver_ealy@pgn.com>, "'reason@br-inc.com'" <reason@br-inc.com>, "'lwebner@ect.enron.com'"	 <lwebner@ect.enron.com>, "'demerson@energy.twc.com'"	 <demerson@energy.twc.com>, "'cory_empey@br-inc.ca'"	 <cory_empey@br-inc.ca>, "'pabercrombie@txuenergy.com'"	 <pabercrombie@txuenergy.com>, "'jelmore@txuenergy.com'"	 <jelmore@txuenergy.com>, "'fermis@enron.com'" <fermis@enron.com>, "'vesparza@txu.com'" <vesparza@txu.com>, "'beveret@enron.com'"	 <beveret@enron.com>, "'fackel@texaco.com'" <fackel@texaco.com>, "'lfiler@avistaenergy.com'" <lfiler@avistaenergy.com>, "'mflaman@tcel.com'" <mflaman@tcel.com>, "'bradflegel@aec.ca'"	 <bradflegel@aec.ca>, "'SRFL@dynegy.com'" <SRFL@dynegy.com>, "'cfrandsen@avistacorp.com'" <cfrandsen@avistacorp.com>, "'rene.frederick@apachecorp.com'" <rene.frederick@apachecorp.com>, "'bfrench@avistaenergy.com'" <bfrench@avistaenergy.com>, "'tfrisina@br-inc.com'" <tfrisina@br-inc.com>, "'dafusek@aep.com'"	 <dafusek@aep.com>, "'MHG2@pge.com'" <MHG2@pge.com>, "'laura.gallant@paramountres.com'" <laura.gallant@paramountres.com>, "'rgay@ect.enron.com'" <rgay@ect.enron.com>, "'geek@bp.com'"	 <geek@bp.com>, "'gborrego@semprasolutions.com'"	 <gborrego@semprasolutions.com>, "'gilesmh@bp.com'" <gilesmh@bp.com>, "'sgillit@cngc.com'" <sgillit@cngc.com>, "'jgilmer2@txu.com'"	 <jgilmer2@txu.com>, "'rgladman@aep.com'" <rgladman@aep.com>, "'jglaubi@smud.org'" <jglaubi@smud.org>, "'kgonzales@sppc.com'"	 <kgonzales@sppc.com>, "'lgoodric@cngc.com'" <lgoodric@cngc.com>, "'pgorton@avistaenergy.com'" <pgorton@avistaenergy.com>, "'pgorton@avistaenergy.com'" <pgorton@avistaenergy.com>, "'pgrable@cngc.com'" <pgrable@cngc.com>, "'grahamp@kochind.com'"	 <grahamp@kochind.com>, "'greenallg@epenergy.com'"	 <greenallg@epenergy.com>, "'rgruber@avistacorp.com'"	 <rgruber@avistacorp.com>, "'bhall@cngc.com'" <bhall@cngc.com>, "'jeffrey.c.hammond@wgp.twc.com'" <jeffrey.c.hammond@wgp.twc.com>, "'lenhanson@aec.ca'" <lenhanson@aec.ca>, "'sharper@avistaenergy.com'"	 <sharper@avistaenergy.com>, "'Deborah.Hart@msdw.com'"	 <Deborah.Hart@msdw.com>, "'jhaskey@coral-energy.com'"	 <jhaskey@coral-energy.com>, "'kevin.heal@enron.com'"	 <kevin.heal@enron.com>, "'peggy.hedstrom@enron.com'"	 <peggy.hedstrom@enron.com>, "'emhendry@duke-energy.com'"	 <emhendry@duke-energy.com>, "'sghill@bcgas.com'" <sghill@bcgas.com>, "'sherry_hill@transcanada.com'" <sherry_hill@transcanada.com>, "'Hoffmamc@bp.com'" <Hoffmamc@bp.com>, "'billhogue@aec.ca'"	 <billhogue@aec.ca>, "'cholm@sppc.com'" <cholm@sppc.com>, "'shorton@coral-energy.com'" <shorton@coral-energy.com>, "'hots@chevron.com'" <hots@chevron.com>, "'rob.hozjan@southernenergy.com'" <rob.hozjan@southernenergy.com>, "'David_M_Huck@reliantenergy.com'" <David_M_Huck@reliantenergy.com>, "'dtaylor@igires.com'" <dtaylor@igires.com>, "'igsjoy@ix.netcom.com'"	 <igsjoy@ix.netcom.com>, "'rishikawa@pacent.com'" <rishikawa@pacent.com>, "'fred_jackson@knmktg.com'" <fred_jackson@knmktg.com>, "'kenja@cnrl.com'"	 <kenja@cnrl.com>, "'jenkindm@bp.com'" <jenkindm@bp.com>, "'KJOHNSON@PCENERGY.COM'" <KJOHNSON@PCENERGY.COM>, "'kkeiser@ect.enron.com'" <kkeiser@ect.enron.com>, "'cindyk@cook-inlet.com'" <cindyk@cook-inlet.com>, "'mkent@br-inc.com'"	 <mkent@br-inc.com>, "'deborahs@kimballenergy.com'"	 <deborahs@kimballenergy.com>, "'kims@kimballenergy.com'"	 <kims@kimballenergy.com>, "'RussellS@kimballenergy.com'"	 <RussellS@kimballenergy.com>, "'jkimberly@avistacorp.com'"	 <jkimberly@avistacorp.com>, "'mknutson@avistaenergy.com'"	 <mknutson@avistaenergy.com>, "'igsinc@ix.netcom.com'"	 <igsinc@ix.netcom.com>, "'vgkr@dynegy.com'" <vgkr@dynegy.com>, "'gkugler@brr.com'" <gkugler@brr.com>, "'james_lagadin@altagas.ca'"	 <james_lagadin@altagas.ca>, "'andrea.langfeldt@enron.com'"	 <andrea.langfeldt@enron.com>, "'llarson@mtpower.com'"	 <llarson@mtpower.com>, "'hleonard@cngc.com'" <hleonard@cngc.com>, "'jonangas@attglobal.net'" <jonangas@attglobal.net>, "'lippmanc@aol.com'"	 <lippmanc@aol.com>, "'Daniel.Lisk@enron.com'" <Daniel.Lisk@enron.com>, "'nlissel@enserco.com'" <nlissel@enserco.com>, "'jlynch@westerngas.com'"	 <jlynch@westerngas.com>, "'Carolma@cook-Inlet.com'"	 <Carolma@cook-Inlet.com>, "'altradegasscheduling@altra.com'"	 <altradegasscheduling@altra.com>, "'LMCEGEnergy@sk.sympatico.ca'"	 <LMCEGEnergy@sk.sympatico.ca>, "'lmansi@sdge.com'" <lmansi@sdge.com>, "'ecma@dynegy.com'" <ecma@dynegy.com>, "'bob.mattice@engageenergy.com'"	 <bob.mattice@engageenergy.com>, "'rfm@nwnatural.com'"	 <rfm@nwnatural.com>, "'jmmcarthur@duke-energy.com'"	 <jmmcarthur@duke-energy.com>, "'PMcDougall@coral-energy.com'"	 <PMcDougall@coral-energy.com>, "'jmcgowa@smud.org'" <jmcgowa@smud.org>, "'cmcgra@puget.com'" <cmcgra@puget.com>, "'tom.mckay@engageenergy.com'"	 <tom.mckay@engageenergy.com>, "'mmcmahon@avistacorp.com'"	 <mmcmahon@avistacorp.com>, "'bmedlock@cngc.com'" <bmedlock@cngc.com>, "'PMelera@sempratrading.com'" <PMelera@sempratrading.com>, "'shelly.mendel@enron.com'" <shelly.mendel@enron.com>, "'cmiller@smud.org'" <cmiller@smud.org>, "'moln@chevron.com'"	 <moln@chevron.com>, "'lmoore@avistaenergy.com'"	 <lmoore@avistaenergy.com>, "'rhondamoore@aec.ca'" <rhondamoore@aec.ca>, "'dcmorris@mtpower.com'" <dcmorris@mtpower.com>, "'salmoncolo@worldnet.att.net'" <salmoncolo@worldnet.att.net>, "'murrinnl@bp.com'" <murrinnl@bp.com>, "'dmyers@enserco.com'"	 <dmyers@enserco.com>, "'glen@wasatchenergy.com'"	 <glen@wasatchenergy.com>, "'mnason@coral-energy.com'"	 <mnason@coral-energy.com>, "'nicknijt@bp.com'" <nicknijt@bp.com>, "'trevor_nicol@nexeninc.com'" <trevor_nicol@nexeninc.com>, "'gnunnema@utilicorp.com'" <gnunnema@utilicorp.com>, "'kolinge@enron.com'" <kolinge@enron.com>, "'jennifer_owen@pgn.com'"	 <jennifer_owen@pgn.com>, "'jpainter@igservice.com'"	 <jpainter@igservice.com>, "'traceyh@panalberta.com'"	 <traceyh@panalberta.com>, "'poruban@pasha.com'" <poruban@pasha.com>, "'spasloski@coral-energy.com'" <spasloski@coral-energy.com>, "'mpatton@cngc.com'" <mpatton@cngc.com>, "'PetersM@energystore.net'"	 <PetersM@energystore.net>, "'spfaff@cngc.com'" <spfaff@cngc.com>, "'MEO2@pge.com'" <MEO2@pge.com>, "'carellyn-pitre@coastenergy.com'"	 <carellyn-pitre@coastenergy.com>, "'cpittma2@txu.com'"	 <cpittma2@txu.com>, "'rplatt@duke-energy.com'" <rplatt@duke-energy.com>, "'jwpowell@duke-energy.com'" <jwpowell@duke-energy.com>, "'rinde_powell@pcp.ca'" <rinde_powell@pcp.ca>, "'liz.prior@enron.com'"	 <liz.prior@enron.com>, "'kathy.puls@engageenergy.com'"	 <kathy.puls@engageenergy.com>, "'george.rahal@acnpower.com'"	 <george.rahal@acnpower.com>, "'ramperms@bp.com'" <ramperms@bp.com>, "'sramsey@coral-energy.com'" <sramsey@coral-energy.com>, "'mrana@socalgas.com'" <mrana@socalgas.com>, "'jackie.rausch@cabotog.com'" <jackie.rausch@cabotog.com>, "'reshma_rawj@gulf.com'" <reshma_rawj@gulf.com>, "'jreames@br-inc.com'"	 <jreames@br-inc.com>, "'gwenreid@aec.ca'" <gwenreid@aec.ca>, "'lreid@sppc.com'" <lreid@sppc.com>, "'hrennell@worldnet.att.net'"	 <hrennell@worldnet.att.net>, "'rriehm@br-inc.com'" <rriehm@br-inc.com>, "'JARx@pge.com'" <JARx@pge.com>, "'dripley@ect.enron.com'"	 <dripley@ect.enron.com>, "'rrobins4@enron.com'" <rrobins4@enron.com>, "'bsalak@westerngas.com'" <bsalak@westerngas.com>, "'jsanders@clarkpud.com'" <jsanders@clarkpud.com>, "'gene@toenergy.com'"	 <gene@toenergy.com>, "'scheffsp@bp.com'" <scheffsp@bp.com>, "'cshenderlein@brr.com'" <cshenderlein@brr.com>, "'jane@scana.com'"	 <jane@scana.com>, "'scimmonsj@epenergy.com'" <scimmonsj@epenergy.com>, "'scimmons.janice@epenergy.com'" <scimmons.janice@epenergy.com>, "'David.Scott@NewPower.com'" <David.Scott@NewPower.com>, "'fred.scott@engageenergy.com'" <fred.scott@engageenergy.com>, "'ljs6@pge.com'" <ljs6@pge.com>, "'kselland@avistaenergy.com'"	 <kselland@avistaenergy.com>, "'mvaughn@cngc.com'" <mvaughn@cngc.com>, "'Judy@progas.com'" <Judy@progas.com>, "'lsilva@ci.glendale.ca.us'"	 <lsilva@ci.glendale.ca.us>, "'hls@nwnatural.com'" <hls@nwnatural.com>, "'mark@wasatchenergy.com'" <mark@wasatchenergy.com>, "'Linda@Progas.Com'"	 <Linda@Progas.Com>, "'Steven.P.South@enron.com'"	 <Steven.P.South@enron.com>, "'jspell@puget.com'" <jspell@puget.com>, "'deborahs@kimballenergy.com'" <deborahs@kimballenergy.com>, "'lynnette.stauber@powerex.com'" <lynnette.stauber@powerex.com>, "'mikeal.stec@apachecorp.com'" <mikeal.stec@apachecorp.com>, "'jonangas@attglobal.net'" <jonangas@attglobal.net>, "'rogertan@swbell.net'" <rogertan@swbell.net>, "'carol-taylor@coastenergy.com'" <carol-taylor@coastenergy.com>, "'ctaylor@ci.burbank.ca.us'" <ctaylor@ci.burbank.ca.us>, "'scot.thompson@southernenergy.com'" <scot.thompson@southernenergy.com>, "'Ttonkin@utilicorp.com'" <Ttonkin@utilicorp.com>, "'john_trimble@kmmktg.com'" <john_trimble@kmmktg.com>, "'tunstabj@bp.com'" <tunstabj@bp.com>, "'rtyra@txu.com'" <rtyra@txu.com>, "'JPU1@pge.com'" <JPU1@pge.com>, "'pvallone@cngc.com'"	 <pvallone@cngc.com>, "'niels_a_vervloet@reliantenergy.com'"	 <niels_a_vervloet@reliantenergy.com>, "'rick.wadle@mirant.com'"	 <rick.wadle@mirant.com>, "'pwah@socalgas.com'" <pwah@socalgas.com>, "'ryan@wasatchenergy.com'" <ryan@wasatchenergy.com>, "'john.wallace@deml.com'" <john.wallace@deml.com>, "'mark.warno@acnenergy.com'" <mark.warno@acnenergy.com>, "'ryan.watt@Enron.com'" <ryan.watt@Enron.com>, "'doug_way@transcanada.com'" <doug_way@transcanada.com>, "'david.wharton@apachecorp.com'" <david.wharton@apachecorp.com>, "'cwhite@brr.com'" <cwhite@brr.com>, "'kwhite@pcenergy.com'"	 <kwhite@pcenergy.com>, "'twickersham@enserco.com'"	 <twickersham@enserco.com>, "'kwilkinson@br-inc.com'"	 <kwilkinson@br-inc.com>, "'s.kent.williams@williams.com'"	 <s.kent.williams@williams.com>, "'jwilmotte@avistaenergy.com'"	 <jwilmotte@avistaenergy.com>, "'pwinter@avistacorp.com'"	 <pwinter@avistacorp.com>, "'Dick.Winters@avistacorp.com'"	 <Dick.Winters@avistacorp.com>, "'dwinters@avistacorp.com'"	 <dwinters@avistacorp.com>, "'val_yildirok@pgn.com'"	 <val_yildirok@pgn.com>, "'ron.youell@mirant.com'"	 <ron.youell@mirant.com>, "'scott_yule@transcanada.com'"	 <scott_yule@transcanada.com>, "'mitchell_zumwalt@nexeninc.com'"	 <mitchell_zumwalt@nexeninc.com>
X-cc: 
X-bcc: 
X-Folder: \Frank_Ermis_Jun2001\Notes Folders\Discussion threads
X-Origin: Ermis-F
X-FileName: fermis.nsf

As the Station 3 maintenance proceeds, the throughput capabilities have
improved through Kingsgate.  Therefore, the Kingsgate capacity will be
increased to 2280 MMcf/day effective for gas days Saturday, April 28 and
Sunday, April 29.

If you have any questions, please call our transportation coordinators at
(503) 833-4300.



PG&E National Energy Group and any other
company referenced herein that uses the PG&E name or
logo are not the same company as Pacific Gas and
Electric Company, the regulated California utility.  Neither
PG&E National Energy Group nor these other
referenced companies are regulated by the California Public
Utilities Commission.  Customers of Pacific Gas and Electric Company
do not have to buy products from these companies in order
to continue to receive quality regulated services from the utility.